Name,Mean,MeanLB,MeanUB,Stddev,StddevLB,StddevUB
par/10000,4.927732744255762e-3,4.655486273133557e-3,5.0661080135747764e-3,5.89193143399898e-4,5.390148702369555e-4,7.407077322508696e-4
par/20000,1.0180332517868576e-2,1.0011478205164523e-2,1.0395164218666611e-2,8.2582727786003e-4,8.2582727786003e-4,8.2582727786003e-4
par/40000,2.235277781783053e-2,2.1747305024277082e-2,2.2668352127134677e-2,2.0720988636372707e-3,1.4985707691751332e-3,2.3271005327686876e-3
par/80000,5.101785492689824e-2,4.9154734066477156e-2,5.1924208962188884e-2,3.8240336719965345e-3,1.4630149977555118e-3,4.9781285610954445e-3
par/160000,0.12046804148683025,0.11926706100743364,0.1278481833821778,1.0313903362316983e-2,4.388016435489124e-3,1.2687540649737714e-2
par/320000,0.30434405139336984,0.2971609548355142,0.3116294183457891,1.5651394327917664e-2,3.2696989594430004e-3,1.8664742926086518e-2
par/640000,0.8123083285560521,0.789889881950027,0.8123083285560521,4.5751890585381046e-2,2.076708090802032e-2,4.926470934879035e-2
