Name,Mean,MeanLB,MeanUB,Stddev,StddevLB,StddevUB
par/10000,4.2438274955240145e-3,4.181398897505237e-3,4.278413625062563e-3,8.696240584969046e-4,5.072509398139754e-4,1.0803376422224347e-3
par/20000,8.463579559684652e-3,8.131641187655619e-3,8.741733449918325e-3,8.55204253370598e-4,6.892321537421194e-4,8.73206816514493e-4
par/40000,1.9805730040306342e-2,1.9556287265924326e-2,2.0218847566629485e-2,2.422483970630512e-3,1.8122040540997733e-3,3.1342920904605955e-3
par/80000,4.4997194619927405e-2,4.448873740134375e-2,4.63440271054034e-2,4.147536847711744e-3,3.839786431519493e-3,4.50956854334334e-3
par/160000,0.10796379735342242,0.10426063721312122,0.1126387632485829,9.348408186138114e-3,7.607354227252268e-3,1.1400255048184026e-2
par/320000,0.27094678995665167,0.2616465044906363,0.2786423914367333,1.909909361893673e-2,4.085446160084919e-3,2.341478378712155e-2
par/640000,0.7442547993171805,0.7312145409523509,0.7592429096597092,3.091617861892987e-2,5.451700378519775e-3,3.461355816361097e-2
