Name,Mean,MeanLB,MeanUB,Stddev,StddevLB,StddevUB
par/10000,3.797314905854044e-3,3.62411438483847e-3,3.992937167131091e-3,9.429877639727612e-4,7.922401715557472e-4,1.237749278926606e-3
par/20000,9.479225535080193e-3,8.936847209672758e-3,9.59507150910278e-3,1.5945107755918717e-3,1.3156777773078254e-3,2.0031517946146413e-3
par/40000,2.226787197206344e-2,2.164896056867713e-2,2.361496923166007e-2,3.4368908459583144e-3,2.4340335161754795e-3,4.011271611055951e-3
par/80000,4.9908174889206944e-2,4.7890387678641705e-2,5.474727729273195e-2,5.885659870760098e-3,4.698030296445984e-3,7.663983476487236e-3
par/160000,0.11976881791107145,0.11696816569948125,0.12141952907023508,3.1945044250873762e-3,2.7260589246607086e-3,3.6947499433335877e-3
par/320000,0.3038032164160783,0.2997030493089308,0.3120714397076517,1.4050786206119669e-2,1.1662062019164284e-2,1.490146752993917e-2
par/640000,0.8589559099054895,0.8442542720586061,0.8701412107911892,1.9208991028679887e-2,1.3145044218954804e-2,2.1902956736494478e-2
