Name,Mean,MeanLB,MeanUB,Stddev,StddevLB,StddevUB
par/10000,3.5262279881872896e-3,3.5163521786527917e-3,3.530000446657546e-3,4.858772903716261e-5,4.259804655353181e-5,5.260820043930353e-5
par/20000,8.436070533849507e-3,8.416710808733498e-3,8.533773714303316e-3,2.077118202226694e-4,1.703381985211682e-4,2.2539319386879567e-4
par/40000,2.100008090645099e-2,2.095816639448773e-2,2.1099457868294716e-2,3.9888801073911567e-4,3.473882063479155e-4,4.4565100127662733e-4
par/80000,4.6269075351661824e-2,4.599064945709248e-2,4.6367017715698795e-2,4.0538663142389346e-4,3.7865849847116065e-4,5.225333168503657e-4
par/160000,9.973267852470387e-2,9.949594267850949e-2,9.980018792936342e-2,1.2182702507867725e-3,1.1856910943704067e-3,1.3506185931519376e-3
par/320000,0.2152545647527505,0.21430282845006635,0.21574161229137745,2.8782115078685305e-3,2.8782115078685305e-3,2.8782115078685305e-3
par/640000,0.4608463141970181,0.46036659117089584,0.4618531150529937,2.6172660327719436e-3,1.2278143818914074e-3,3.65386035728994e-3
