Name,Mean,MeanLB,MeanUB,Stddev,StddevLB,StddevUB
par/10000,6.630776045836165e-3,6.492339298065884e-3,6.986970457032026e-3,8.533115184975955e-4,5.258920197900496e-4,1.150025733984421e-3
par/20000,1.4184994312547564e-2,1.3910430235151075e-2,1.4497164549507698e-2,1.0838966195545487e-3,8.021217895755949e-4,1.2246559911526964e-3
par/40000,3.093750548342274e-2,3.01885593123357e-2,3.1637822822182624e-2,2.0050606070059346e-3,1.3330624789535295e-3,2.409202679291975e-3
par/80000,7.832546359316135e-2,7.595943202264607e-2,7.979695624283825e-2,5.356721567495531e-3,3.4160789192408253e-3,6.419432546035418e-3
par/160000,0.18635155023075642,0.18384340861294834,0.19175060544059508,1.1775957186996127e-2,7.631252666516735e-3,1.5361367551627245e-2
par/320000,0.49226055501882604,0.4694426201749593,0.5077578986723286,2.928573431541035e-2,1.4893633238076567e-2,3.538331179690343e-2
par/640000,1.2779885409302854,1.1915270499885082,1.3020894922956359,5.7966147331287986e-2,0.0,6.407356956636891e-2
