Name,Mean,MeanLB,MeanUB,Stddev,StddevLB,StddevUB
seq/10000,8.733328800235376e-3,8.4969694641539e-3,9.033241177551814e-3,9.455893740793524e-4,7.146197471983819e-4,9.98196551217312e-4
seq/20000,2.1872696349307826e-2,2.146333427100543e-2,2.2574770029664418e-2,1.4728553501944708e-3,1.0207814682342254e-3,1.664608010067798e-3
seq/40000,5.27862745543615e-2,5.204607887410755e-2,5.354176604235033e-2,2.1296666479053736e-3,1.7754596350284622e-3,2.8290753881630576e-3
seq/80000,0.12690387191403368,0.12402042038059638,0.12865727022207077,5.763055798871018e-3,3.4034030218391452e-3,6.91330352226156e-3
seq/160000,0.29421491117216647,0.28688154892995954,0.30202042893506587,1.3337264300694108e-2,8.230187536316963e-3,1.71294488763829e-2
seq/320000,0.7534511675282071,0.7494022174505517,0.761628301096304,1.750136412280324e-2,1.412126771174371e-2,1.9986168442604424e-2
seq/640000,1.8222717212338466,1.7994368225627113,1.8617549226619303,3.7976497405387076e-2,3.352151052094654e-2,3.808269589787843e-2
