Name,Mean,MeanLB,MeanUB,Stddev,StddevLB,StddevUB
par/10000,3.96823547528779e-3,3.8609312365309478e-3,4.0771952693050145e-3,8.492943036823724e-4,6.0387828479386e-4,9.209442885976053e-4
par/20000,9.303635082226848e-3,8.929715110355054e-3,1.0139625462282264e-2,1.5290456333192997e-3,1.17919623795663e-3,1.9889586697833545e-3
par/40000,2.0758022822015037e-2,2.058056968048794e-2,2.2275539861640874e-2,3.310602980262888e-3,1.3496073285043692e-3,4.859734361407835e-3
par/80000,4.568598203176605e-2,4.4761893314649095e-2,4.657710051902264e-2,5.2511521311560715e-3,3.985053389224687e-3,6.314605601454242e-3
par/160000,0.1137294853443607,0.10923519686115296,0.11866258466304447,1.3414595699714435e-2,8.705404363512116e-3,1.6950849890600396e-2
par/320000,0.27727838690237455,0.2671836331253871,0.285965118285579,2.237493173568812e-2,1.2464434124666296e-2,2.3106752443573846e-2
par/640000,0.727977700997144,0.7000827891752124,0.7445769713958725,4.6079915946777725e-2,2.657866236121407e-2,6.442053939765233e-2
