Name,Mean,MeanLB,MeanUB,Stddev,StddevLB,StddevUB
par/10000,2.9976497249097154e-3,2.9555860117799226e-3,3.110727453729231e-3,5.735405934839078e-4,4.176360574850792e-4,6.259556967215521e-4
par/20000,9.907503231808647e-3,9.391850299758635e-3,1.0222237714100338e-2,1.6737350352763263e-3,1.3761874807810732e-3,2.1036256398416554e-3
par/40000,2.3658967137021255e-2,2.3386900610453502e-2,2.500589321930256e-2,3.4749380323578763e-3,1.940872420720131e-3,4.291616589701906e-3
par/80000,5.2076531024269866e-2,5.0793809343048966e-2,5.396091799130887e-2,4.871641097421847e-3,4.7285469691116504e-3,5.558068173597352e-3
par/160000,0.12690247169756774,0.12514718417022822,0.12917865441358162,1.053455185168912e-2,7.81680764339638e-3,1.3244711131739393e-2
par/320000,0.3440865481291742,0.33146215925808065,0.3524072171615747,2.4595695129833516e-2,1.828286995714929e-3,3.009669934976091e-2
par/640000,0.9101376442413311,0.890356373420218,0.925702146923868,4.406365455810262e-2,3.4265629365108907e-3,5.268916080271563e-2
