Name,Mean,MeanLB,MeanUB,Stddev,StddevLB,StddevUB
par/10000,4.006896031474559e-3,3.990229329346331e-3,4.026746839828197e-3,6.538444847231077e-5,6.15243499601874e-5,6.841439974057963e-5
par/20000,1.0468206569488223e-2,1.0460001936943611e-2,1.0507244788094627e-2,1.006320454640242e-4,8.570073770194869e-5,1.0868319042217346e-4
par/40000,2.5796213092121274e-2,2.5639841321914058e-2,2.5819104278370118e-2,3.557373220546238e-4,3.1339491028456077e-4,4.6674331331102864e-4
par/80000,5.725357533786745e-2,5.7078621175076644e-2,5.732946096225941e-2,3.6559447504856766e-4,2.7905510487517046e-4,3.944104303204091e-4
par/160000,0.12357278593075795,0.12301536736984936,0.12457423963600636,1.3839956832959052e-3,8.523825136068563e-4,1.4103822341055721e-3
par/320000,0.26947370953081795,0.26947370953081795,0.26947370953081795,1.1866288679340518e-3,1.0654427530454895e-3,1.230201914792724e-3
par/640000,0.5832139165819777,0.5810020109832597,0.5850256750709377,5.78354498681075e-3,2.4474625414785834e-3,7.302709334334822e-3
