Name,Mean,MeanLB,MeanUB,Stddev,StddevLB,StddevUB
par/10000,4.047645900133633e-3,3.958164300763071e-3,4.252706275907642e-3,7.27742333840797e-4,3.8477154462017557e-4,9.709269038901139e-4
par/20000,9.182095263684653e-3,8.771382660651748e-3,9.275078880823715e-3,1.1139572561298535e-3,6.091251737249141e-4,1.3271948961702026e-3
par/40000,2.0153128257442164e-2,1.930608890056123e-2,2.1159762755668658e-2,2.9529861718025313e-3,1.9270320087360542e-3,3.7809983109535965e-3
par/80000,4.489519912365013e-2,4.403466081403178e-2,4.5608908548537226e-2,4.210848757494895e-3,1.673367174657779e-3,6.058217805785691e-3
par/160000,0.10533598657583282,0.10043713244834564,0.1083003416341258,1.1108542495351264e-2,8.721840428971409e-3,1.3659797244834048e-2
par/320000,0.2528431844400863,0.24687909409403802,0.25774208187436065,1.2446116368990501e-2,1.1519356252464282e-2,1.4377600184515995e-2
par/640000,0.70832149804725,0.6991434440715238,0.7231180252662549,1.8194154019526825e-2,1.6284006399911517e-2,1.8795954723219058e-2
