Name,Mean,MeanLB,MeanUB,Stddev,StddevLB,StddevUB
par/10000,3.441622347742388e-3,3.433374422654786e-3,3.4481747537789434e-3,5.164717839686613e-5,4.3336080040974547e-5,6.084382458896184e-5
par/20000,8.356843550038002e-3,8.313369568195826e-3,8.449344733939611e-3,2.562631425233104e-4,2.029308762730519e-4,3.115512511105507e-4
par/40000,2.0572721136596812e-2,2.050863611911758e-2,2.072919289282376e-2,3.833116431640216e-4,3.509479366658798e-4,4.0266029371632985e-4
par/80000,4.504380236040811e-2,4.4826355941309605e-2,4.556090903918253e-2,9.049937609301869e-4,7.057977774676111e-4,9.689926695274112e-4
par/160000,9.807494623965142e-2,9.800678079055107e-2,9.845721853545471e-2,1.2637212788669371e-3,5.633138375318024e-4,1.4779960238743004e-3
par/320000,0.21078669624015067,0.20933824435730153,0.2111054649007403,1.9441084971555304e-3,1.7866401000748693e-3,2.38423258617279e-3
par/640000,0.4585842541710008,0.45556699510780163,0.46034375933231786,3.2437928569958177e-3,0.0,3.919647421076818e-3
