Name,Mean,MeanLB,MeanUB,Stddev,StddevLB,StddevUB
par/10000,3.437019635253518e-3,3.3234726790038354e-3,3.6261816129252934e-3,1.0476491494835068e-3,9.510511628022993e-4,1.308064022595471e-3
par/20000,8.867602305843075e-3,8.541229688907127e-3,9.487610622347337e-3,1.6640577274726301e-3,1.4350300975457114e-3,2.1552222494481956e-3
par/40000,2.0725143808364908e-2,2.029962560463327e-2,2.1912545931956975e-2,3.5522868183076465e-3,2.3279066708292695e-3,5.0990857381634025e-3
par/80000,4.898226361612524e-2,4.830104376975683e-2,5.029611547061479e-2,4.3410431560364955e-3,3.2351567295295217e-3,5.8071019493596e-3
par/160000,0.1342610895104285,0.13154597545300412,0.1361204875737063,7.389053352949669e-3,3.578950566210114e-3,9.344643754455543e-3
par/320000,0.3624185772787314,0.3555480884388089,0.36679827838088386,1.0748571712635983e-2,4.472186554837747e-3,1.2144652302317767e-2
par/640000,0.929756073775934,0.9112722461577505,0.9482399013941176,2.8292648216467497e-2,2.9369691062929824e-3,3.97496022977587e-2
