Name,Mean,MeanLB,MeanUB,Stddev,StddevLB,StddevUB
seq/10000,9.315131051422523e-3,9.14013816272414e-3,9.422812159916617e-3,1.1609482637904736e-3,1.0289859655167111e-3,1.3308719861004242e-3
seq/20000,2.3193205442356125e-2,2.302026432889332e-2,2.3515655545566082e-2,2.0769265150968846e-3,1.8859845967359999e-3,2.4155243806305658e-3
seq/40000,5.51950758864497e-2,5.391556458457166e-2,5.699748767878018e-2,3.330761252149088e-3,2.2450614828879033e-3,4.583085804554946e-3
seq/80000,0.13362773400835326,0.12934632106875402,0.13755842783540997,7.977785255981517e-3,4.787152137822542e-3,1.0147943574109313e-2
seq/160000,0.3141181223994742,0.3111432022570322,0.3171482053399086,1.1511491390145538e-2,9.342425428999305e-3,1.4191753504299425e-2
seq/320000,0.7879133000969887,0.7795546155539341,0.7939138842048123,9.324458589958834e-3,6.943747506268679e-3,1.0943981409138822e-2
seq/640000,1.8658488157961983,1.848726807773346,1.8842499552993104,1.862088935102542e-2,6.185914622619748e-3,1.9311036006570637e-2
