Name,Mean,MeanLB,MeanUB,Stddev,StddevLB,StddevUB
par/10000,2.99023561453644e-3,2.973871987445871e-3,2.993806259038752e-3,4.628083071035251e-5,4.303587344177264e-5,5.4741070993262115e-5
par/20000,7.978138031605924e-3,7.922042901766341e-3,8.033582469695995e-3,1.9829332818757384e-4,1.7191935994207133e-4,2.563865454901745e-4
par/40000,2.0069213339208657e-2,1.9991298193054896e-2,2.0226716848387595e-2,4.868798995966211e-4,3.6143596185982764e-4,6.460108322935398e-4
par/80000,4.6061972409421816e-2,4.564076976643668e-2,4.63856265631282e-2,1.1668142851470186e-3,9.029213870077633e-4,1.3365066820067556e-3
par/160000,0.10055964152485533,0.10055964152485533,0.10055964152485533,1.7061570987395031e-3,3.87180421223937e-4,2.5338718882211564e-3
par/320000,0.22205402770131413,0.22120397777244863,0.22313136436407352,2.7669665787825076e-3,1.992050529733615e-3,3.2825988572354765e-3
par/640000,0.4853916992433369,0.47983223339542747,0.489075968216639,7.384016319872587e-3,3.3122697074173483e-3,8.982507024514861e-3
