Name,Mean,MeanLB,MeanUB,Stddev,StddevLB,StddevUB
par/10000,2.7114527180853295e-3,2.7089892382157425e-3,2.720547248652367e-3,3.9711925189642996e-5,3.404549126498773e-5,4.529538706695792e-5
par/20000,7.106013542717687e-3,7.081133579863664e-3,7.146675714935451e-3,1.2568596043730388e-4,1.094804828464166e-4,1.423468997606309e-4
par/40000,1.7050244925564447e-2,1.6904336230498133e-2,1.714730128179198e-2,3.6260669805508717e-4,2.468482417498268e-4,4.213909244818661e-4
par/80000,3.885155848021359e-2,3.865501046760153e-2,3.906708415857257e-2,6.882983112446025e-4,3.732983477541613e-4,8.19818241598994e-4
par/160000,8.581663661483038e-2,8.508317758369865e-2,8.656989294545916e-2,1.995334052373201e-3,9.181555372056063e-4,2.7899806419590142e-3
par/320000,0.1855004052760907,0.18384014432215026,0.18639873168689924,3.467611675287786e-3,2.0768279239144777e-3,4.292028623278333e-3
par/640000,0.4114928247096638,0.4089129713053505,0.41407267811397713,4.219439982400384e-3,2.9441731534696138e-3,4.923084268859174e-3
