Name,Mean,MeanLB,MeanUB,Stddev,StddevLB,StddevUB
par/10000,3.6654727867541e-3,3.5665478188599254e-3,3.7895289772486205e-3,7.792249675533245e-4,6.23273477987096e-4,8.721393974022194e-4
par/20000,8.871054755429578e-3,8.541038377370835e-3,9.507449032033058e-3,1.539078363509614e-3,1.1172274083147006e-3,2.1323955994405827e-3
par/40000,1.8469826618735873e-2,1.757175460239934e-2,2.001899157503453e-2,3.113448385570202e-3,1.3631769372211e-3,5.122173565261392e-3
par/80000,4.3680275740084706e-2,4.252538769013595e-2,4.571980306521065e-2,3.3748397113250476e-3,2.5037879570342504e-3,3.979703914730724e-3
par/160000,0.11843107806267827,0.11708295134303626,0.12194915081927321,5.992559235658584e-3,4.281218931488625e-3,8.148141734805908e-3
par/320000,0.3229746293167894,0.32201336143383136,0.3260264466904725,1.1759737686719491e-2,4.122040675869654e-3,1.4450348036841785e-2
par/640000,0.8233279938285705,0.7941478304564953,0.8395620832161512,3.273201816632092e-2,2.936548935080545e-2,3.5849736606547625e-2
