Name,Mean,MeanLB,MeanUB,Stddev,StddevLB,StddevUB
par/10000,2.7270178997374885e-3,2.7195047553535317e-3,2.7368464744242224e-3,5.992904969059179e-5,4.608867457681112e-5,6.833803416958099e-5
par/20000,7.2661405147977426e-3,7.230099115809901e-3,7.324093762907224e-3,1.7937500396477258e-4,1.387469323036522e-4,1.9472471764918082e-4
par/40000,1.746001192513388e-2,1.7378790569153795e-2,1.75587766952599e-2,4.097723710220276e-4,3.7364155141110094e-4,4.433849558951855e-4
par/80000,3.9769217671512425e-2,3.945014062878497e-2,3.990512327576909e-2,7.516478784167542e-4,5.124258236712553e-4,8.330556231913621e-4
par/160000,8.910479084132165e-2,8.820766905849312e-2,8.984942448040885e-2,2.0105512154145392e-3,1.5923571398470135e-3,2.386652256689327e-3
par/320000,0.19240786753362046,0.1915039492176018,0.19445309562272287,2.681491255255038e-3,1.875865694043685e-3,3.463535392362866e-3
par/640000,0.4219065617653541,0.41789710661396384,0.4249466863111593,5.682999549240356e-3,2.301705039198489e-3,6.074136224702937e-3
