Name,Mean,MeanLB,MeanUB,Stddev,StddevLB,StddevUB
par/10000,3.68855822504814e-3,3.3857509970996705e-3,3.8826892455980284e-3,8.682513297309803e-4,6.897795924559358e-4,1.0811802422740924e-3
par/20000,8.728622345451785e-3,8.525558476526657e-3,8.956576539208784e-3,1.4451483799779875e-3,1.110261375370812e-3,1.7331099672806905e-3
par/40000,1.949452853185883e-2,1.8864105503942255e-2,2.026949321916954e-2,3.0375410621215175e-3,1.808846586201304e-3,4.543441499116229e-3
par/80000,4.759698562186354e-2,4.647941415984362e-2,4.880088892607747e-2,4.188739988017953e-3,1.5116039720981414e-3,5.503734092488306e-3
par/160000,0.12669854573157083,0.123859821399951,0.13076578010638643,7.749063764180711e-3,4.992958172156544e-3,9.844453094683086e-3
par/320000,0.3384372060536407,0.3329623849131167,0.33912156749283895,1.1063957853846349e-2,2.8260667531242126e-3,1.188081301357562e-2
par/640000,0.8692008991298886,0.8540456329355948,0.8955626614236583,3.3143591005243896e-2,1.902644946969993e-2,3.700779075734317e-2
