Name,Mean,MeanLB,MeanUB,Stddev,StddevLB,StddevUB
par/10000,4.6205446388756614e-3,4.3346261758996875e-3,4.73437681704926e-3,6.785638746010602e-4,4.7857216161396155e-4,8.204544921633652e-4
par/20000,9.944423352044755e-3,9.913117186429296e-3,1.0165545971987764e-2,9.283586085435343e-4,9.095455688401411e-4,9.968549809809106e-4
par/40000,2.217167007069404e-2,2.180879632539293e-2,2.2551546198557343e-2,2.0905560101862858e-3,1.2684608800350118e-3,2.25762144476981e-3
par/80000,5.279929036074912e-2,5.188145048337958e-2,5.64432452401333e-2,4.524850363850028e-3,3.854257691229538e-3,5.132745386898483e-3
par/160000,0.1327949608763447,0.13184884371391187,0.136460068798624,7.075293802321443e-3,6.290531803890887e-3,7.709338509350335e-3
par/320000,0.3643646247801371,0.36271543172188103,0.36806972342310473,4.944700165687019e-3,3.8740795658728576e-3,4.959136309546368e-3
par/640000,0.9015956256189384,0.8850111835636199,0.9181800676742569,3.1242574585262656e-2,1.502471701661848e-2,3.8177667060823796e-2
