Name,Mean,MeanLB,MeanUB,Stddev,StddevLB,StddevUB
par/10000,6.209396303907982e-3,5.987821689675092e-3,6.385449625334763e-3,7.059343096030787e-4,5.305030451606829e-4,9.199153233745079e-4
par/20000,1.3320711028471557e-2,1.3156175572361269e-2,1.3485454099828792e-2,9.488660834539465e-4,7.44915672761264e-4,1.2055327544492045e-3
par/40000,2.951913808540457e-2,2.9101529116333583e-2,3.0006519722326565e-2,1.3061164095529872e-3,1.053631254923233e-3,1.7257294978325426e-3
par/80000,7.749153702425593e-2,7.166317079393637e-2,8.050931306367384e-2,9.436254002856416e-3,7.732304756834083e-3,1.0324094663263334e-2
par/160000,0.19505384124349803,0.18971827846641343,0.19531310635567126,8.64496563744131e-3,4.2926923026216516e-3,1.1064660307018581e-2
par/320000,0.5622936405901177,0.5477632900389533,0.5746981712485043,2.128531177077026e-2,1.740843461451463e-2,2.128531177077026e-2
par/640000,1.4059298534217912,1.3801158928545192,1.4230197871802375,2.4406415875477688e-2,8.265572004218933e-3,2.852372013425354e-2
