Name,Mean,MeanLB,MeanUB,Stddev,StddevLB,StddevUB
par/10000,3.991844143651874e-3,3.967015512905815e-3,4.184404901859925e-3,7.216122961941628e-4,5.542557594118084e-4,9.323873440536377e-4
par/20000,9.157514033424262e-3,8.906813759216188e-3,9.42260707771046e-3,9.995091312869112e-4,7.302348939551986e-4,1.3303881941721454e-3
par/40000,2.1105209765630274e-2,2.0810403624293997e-2,2.180451835461668e-2,2.3707683214605796e-3,1.7519159316110677e-3,3.246285428142019e-3
par/80000,4.67894521074544e-2,4.4735367025433584e-2,4.859396466968714e-2,3.7061513503807413e-3,2.324631846669619e-3,5.6745332800686625e-3
par/160000,0.10960171153609571,0.10842433600929587,0.11101232302733213,4.461639031016549e-3,2.6599685602512607e-3,4.851349502760046e-3
par/320000,0.3015569025728231,0.2988749525587385,0.3068325529806316,6.447460877220692e-3,5.2286867341738074e-3,6.447460877220692e-3
par/640000,0.7830122527278339,0.7757217256197085,0.7886515591138353,1.6451239817851678e-2,1.588151267123707e-2,1.6451239817851678e-2
