Name,Mean,MeanLB,MeanUB,Stddev,StddevLB,StddevUB
par/10000,3.595882179055463e-3,3.5742112621228246e-3,3.66720423167973e-3,7.08660978192791e-4,4.2814989872460603e-4,8.862550325278442e-4
par/20000,7.685409221273546e-3,7.5339685432566925e-3,7.822489092251948e-3,9.130410048324245e-4,7.871298917386737e-4,1.2335103605875773e-3
par/40000,1.85777446828737e-2,1.7867650425265207e-2,1.921943945849259e-2,2.224215612302455e-3,1.0394652376469363e-3,3.2525242063870777e-3
par/80000,4.292033391571165e-2,4.246580748953397e-2,4.3528827322153386e-2,2.96036460987763e-3,1.2213055752460747e-3,3.657721122822515e-3
par/160000,0.11143121347489622,0.11060893924371894,0.11209281626610651,4.067002061156548e-3,3.4601431812272517e-3,4.224244888523597e-3
par/320000,0.30417603853158653,0.29668281061574814,0.306879190383479,1.123391187397047e-2,6.231653553152802e-3,1.4854851131144521e-2
par/640000,0.763812294540306,0.7426319640944712,0.7716357850392039,2.6598398267541134e-2,1.4469035679535181e-2,3.2023859633731645e-2
