Name,Mean,MeanLB,MeanUB,Stddev,StddevLB,StddevUB
par/10000,4.133473059967333e-3,4.126573892254968e-3,4.138714243219105e-3,9.46995840725471e-5,7.904260742876516e-5,1.0472876204551436e-4
par/20000,1.1657656128902407e-2,1.1619413690223667e-2,1.168662262141255e-2,2.5647652195964093e-4,1.9260948666691838e-4,2.8822993869352193e-4
par/40000,2.8283774818109467e-2,2.7766643602808234e-2,2.9025556326833006e-2,1.3775514415857136e-3,6.841425946569012e-4,2.345932949168528e-3
par/80000,6.474277069916921e-2,6.382598524520895e-2,6.596659603018455e-2,2.837983100334428e-3,2.817333453766139e-3,3.7445016837239233e-3
par/160000,0.14539271924584524,0.14529239166002136,0.145581823407647,5.679975761435051e-4,5.181316925515252e-4,5.689961935729333e-4
par/320000,0.32916823628513764,0.325309242393511,0.3320287186698988,7.464424720849935e-3,2.3034457193361916e-3,8.50792799618909e-3
par/640000,0.7675896699268682,0.7623365448477368,0.7726807318395004,1.1825426251910675e-2,2.0863685499326635e-3,1.4388222817257745e-2
