Name,Mean,MeanLB,MeanUB,Stddev,StddevLB,StddevUB
par/10000,3.278869037751906e-3,3.1372434292547234e-3,3.379814883903062e-3,5.627332275412936e-4,4.104286810723648e-4,6.499133584969595e-4
par/20000,9.123946534846222e-3,8.934276759950824e-3,9.338483617964155e-3,1.4916441716986016e-3,9.05791247583423e-4,1.842949610225913e-3
par/40000,2.918955445802016e-2,2.860162782214777e-2,2.9908573952954366e-2,2.719636667584715e-3,2.185046755549993e-3,3.4291471931968583e-3
par/80000,6.755382446660607e-2,6.640635118872919e-2,6.939421368844217e-2,4.952252426318458e-3,2.944502187409328e-3,6.517631225930389e-3
par/160000,0.1653888127304056,0.16165061458077307,0.17023020657222895,6.984606431269655e-3,4.776352515233165e-3,8.73421793581682e-3
par/320000,0.3933064634135614,0.38881812813148525,0.3975262630265206,9.994827161539105e-3,4.537648176892542e-3,1.210570897074985e-2
par/640000,0.8197170226873519,0.8116446037699158,0.8286674034510118,1.708038368432337e-2,1.679779993407439e-3,2.0171435917445208e-2
