Name,Mean,MeanLB,MeanUB,Stddev,StddevLB,StddevUB
par/10000,4.532285496852022e-3,4.373969875902005e-3,4.750094792359176e-3,5.998737048657085e-4,4.401778505816253e-4,6.865413447933828e-4
par/20000,1.171392802404613e-2,1.1576309660185921e-2,1.2206625498108742e-2,1.1485917956611518e-3,8.170978530353004e-4,1.3857284608524796e-3
par/40000,3.02852176392115e-2,3.02852176392115e-2,3.02852176392115e-2,2.4516672276649167e-3,1.990390342858919e-3,2.9193794781958815e-3
par/80000,7.657305368896766e-2,7.359115223464971e-2,7.827043867191404e-2,5.469466431330083e-3,2.2062305115895823e-3,7.166904032845291e-3
par/160000,0.19874290063097658,0.19594440094143564,0.20003316465299578,5.200547117884576e-3,5.200547117884576e-3,5.200547117884576e-3
par/320000,0.4909251861390658,0.48160672787344083,0.5005458812811412,1.8828493218572592e-2,6.739456304571609e-5,2.1874619267067824e-2
par/640000,1.17787518761664,1.1690699629640826,1.1897558165558924,2.2472343489698354e-2,7.1038012871676316e-3,2.376188978087157e-2
