Name,Mean,MeanLB,MeanUB,Stddev,StddevLB,StddevUB
par/10000,4.100486294070756e-3,4.0758717792124e-3,4.144246477648569e-3,1.2812644452791865e-4,1.2374743095697397e-4,1.3839816822588876e-4
par/20000,1.18191692356269e-2,1.1797659819753835e-2,1.1891908726052029e-2,1.6739977663943537e-4,8.658522744131079e-5,2.884390357283735e-4
par/40000,2.7073969663163534e-2,2.6991576853921534e-2,2.712182923551095e-2,1.5954116142040243e-4,1.246867153601744e-4,1.8230119100133213e-4
par/80000,6.361394879364111e-2,6.302814108116932e-2,6.409378410203333e-2,1.6123318506535067e-3,4.380261625024633e-4,2.2719897515292684e-3
par/160000,0.1427646494142673,0.14217410834306585,0.14357605078732785,1.055782117077471e-3,1.0186601739994932e-3,1.185149730067267e-3
par/320000,0.32878687394744094,0.32616409854381345,0.33146889261358103,3.664048795566134e-3,2.096935291774571e-3,4.979481074954406e-3
par/640000,0.766496175036688,0.7519612631294876,0.7801883922948036,1.5731624650163895e-2,1.9671726040542126e-3,1.6785047515206826e-2
