Name,Mean,MeanLB,MeanUB,Stddev,StddevLB,StddevUB
par/10000,3.6906527820139857e-3,3.478479991529872e-3,3.926042689610804e-3,8.867019093290946e-4,6.465779216350798e-4,1.0411367620407654e-3
par/20000,1.1797398688649756e-2,1.1349316421566282e-2,1.247075024367432e-2,1.7209441549394695e-3,1.4958127442326467e-3,2.1775532067278124e-3
par/40000,3.1292576814740736e-2,3.080249996989334e-2,3.297435590885874e-2,2.932077371678894e-3,1.7096853731965599e-3,3.984924391747216e-3
par/80000,7.92312243771148e-2,7.158448447447477e-2,8.321215916672603e-2,8.261156401677438e-3,3.541705703129573e-3,9.699907598449761e-3
par/160000,0.1900616330624972,0.18478022505425742,0.19385492310781652,9.733669523354025e-3,4.747522925778382e-3,1.049864438940903e-2
par/320000,0.4689054763196812,0.44450067463913,0.48177212418522686,2.6480064638813097e-2,4.508628277108073e-3,3.151040896460087e-2
par/640000,0.9761973346952194,0.9515770360497603,1.0013046152113627,4.078793369406202e-2,3.0045096355024725e-2,5.6858144201939194e-2
