Name,Mean,MeanLB,MeanUB,Stddev,StddevLB,StddevUB
seq/10000,8.897727245963417e-3,8.58477165235827e-3,9.675699941317856e-3,1.089619636888583e-3,1.082114098329591e-3,1.1677265038867201e-3
seq/20000,2.3176534357327503e-2,2.283841880590202e-2,2.3487972060927335e-2,1.8258129995225112e-3,1.3452714008474e-3,2.3515388916341227e-3
seq/40000,5.409993757747286e-2,5.347676351348268e-2,5.51347035474417e-2,2.5886943147452905e-3,1.091746597010056e-3,2.984819116034171e-3
seq/80000,0.13076306289384818,0.12511096079002268,0.13425864197536916,7.361513102228157e-3,3.2754553664103335e-3,8.880593769333832e-3
seq/160000,0.30334023453760894,0.3008725670864806,0.3071807952830568,7.673936933138866e-3,4.058603228151407e-3,8.595414659683958e-3
seq/320000,0.7495255885102475,0.7394617619380975,0.7564797341862383,3.025423698126347e-2,2.251584765490962e-2,3.596043506523498e-2
seq/640000,1.8247111394011881,1.7831010073423386,1.8440986419154797,3.158832123922511e-2,8.149912406224757e-3,3.6611251591239125e-2
