Name,Mean,MeanLB,MeanUB,Stddev,StddevLB,StddevUB
par/10000,4.139431867660538e-3,4.110004931841039e-3,4.161981154890172e-3,1.005605958375715e-4,9.189060708558395e-5,1.125986287493661e-4
par/20000,1.1711353781739346e-2,1.1556306689257494e-2,1.1822190632087868e-2,4.890304533116454e-4,3.662786206479938e-4,5.280629270397113e-4
par/40000,2.818069849990806e-2,2.808293304200124e-2,2.8226891470695466e-2,1.7942768673511223e-4,1.2797328340947018e-4,2.2106542956263782e-4
par/80000,6.368939085905416e-2,6.343602510298499e-2,6.392227726952769e-2,5.558605468323167e-4,3.650793729627136e-4,6.167139977151371e-4
par/160000,0.1442487278154918,0.14353719629746461,0.1444224324033019,8.723546711511432e-4,8.243021619160374e-4,9.178949898378544e-4
par/320000,0.328471853309311,0.3262388439849019,0.3321572656324133,8.202925982548898e-3,3.1294969664094046e-3,9.560910533488532e-3
par/640000,0.7585866960774487,0.7532716100104153,0.766103770583868,1.12081221828339e-2,5.124789223037074e-3,1.481730272273485e-2
