Name,Mean,MeanLB,MeanUB,Stddev,StddevLB,StddevUB
par/10000,3.860962636410582e-3,3.774064919390909e-3,3.939515083951957e-3,5.662893304490563e-4,4.876083890731794e-4,6.407402084868707e-4
par/20000,1.0772211138291098e-2,1.054064354630476e-2,1.0966229963016737e-2,1.0806281506799012e-3,7.87163157971749e-4,1.2395464948721552e-3
par/40000,3.0245236088235695e-2,2.9843427374991113e-2,3.1055370123682906e-2,2.2625295616180954e-3,1.360961545907728e-3,2.8549145548914237e-3
par/80000,7.443527313977293e-2,7.173787681648852e-2,7.666073823328445e-2,3.975471295532497e-3,2.9891440168691753e-3,4.368663528108926e-3
par/160000,0.17547280119057287,0.17354418178687672,0.17823091137688607,4.694422346135014e-3,1.4256816736969162e-3,5.693045197775131e-3
par/320000,0.41984358295061003,0.4133366783013722,0.4227140859390298,1.249802475837988e-2,7.066774893781492e-3,1.2580361931879289e-2
par/640000,0.9781753722345456,0.937240781262517,0.9811459318734705,2.772089399870059e-2,0.0,3.0628354806868638e-2
