Name,Mean,MeanLB,MeanUB,Stddev,StddevLB,StddevUB
seq/10000,7.929363391238111e-3,7.794777888033297e-3,8.145769493633319e-3,8.149252059317379e-4,7.675662758994846e-4,1.0822796472402326e-3
seq/20000,2.067848161622546e-2,2.0181511802947694e-2,2.151113886694068e-2,1.6635244312191157e-3,7.509306111431497e-4,1.8507865719288846e-3
seq/40000,5.112726258294634e-2,5.068676080462878e-2,5.135359479438347e-2,2.17162735321458e-3,1.3808479612438297e-3,2.5784499034001564e-3
seq/80000,0.12818016597614457,0.12496728029966886,0.12935597095250462,5.624817883526131e-3,5.518729189660967e-3,5.631497449122329e-3
seq/160000,0.31897563677902024,0.3177201928819219,0.3205855160144468,9.068319624495266e-3,8.80450682248561e-3,1.2405025526246791e-2
seq/320000,0.7766046302179651,0.7716865203692578,0.7848000575419671,1.453318441810427e-2,1.2012828709365908e-2,1.7748738880791662e-2
seq/640000,1.8699448344511136,1.8556973394200518,1.8746435248467606,1.7559221633340432e-2,1.2586713230950038e-2,1.8017457882059055e-2
