Name,Mean,MeanLB,MeanUB,Stddev,StddevLB,StddevUB
par/10000,3.3246460277950043e-3,3.1480371368450143e-3,3.6406949362956646e-3,6.996168447687121e-4,5.741448362315045e-4,9.007041115901586e-4
par/20000,1.0353670038128761e-2,1.006619348160461e-2,1.0761499166670081e-2,1.3392004465083288e-3,9.530925725296854e-4,1.6653633520450394e-3
par/40000,3.130655482580441e-2,3.0394434378522968e-2,3.2902037979802956e-2,3.791831970011358e-3,2.6029558427081594e-3,5.174540473522416e-3
par/80000,7.674895482620091e-2,7.313312240077981e-2,7.976233527452374e-2,6.8140954447584775e-3,4.627405206350894e-3,8.923868611350248e-3
par/160000,0.18376535737964636,0.17975830659270287,0.18773907349289706,6.672157814266695e-3,5.260066114580131e-3,7.750114829629534e-3
par/320000,0.44848209103414166,0.44755799788981676,0.4507199972285889,3.7446840326582523e-3,9.95444250293076e-4,4.419994854134398e-3
par/640000,0.9281102373497561,0.9019736196496524,0.9378014955436811,2.502696343533744e-2,4.206190853931251e-3,2.6554444705354938e-2
