Name,Mean,MeanLB,MeanUB,Stddev,StddevLB,StddevUB
par/10000,6.23189911684485e-3,6.217125358204478e-3,6.25229671756218e-3,1.0254667630243027e-4,9.697696218055015e-5,1.1776977863127553e-4
par/20000,1.7867702445279805e-2,1.783635475691792e-2,1.7887765179809893e-2,1.8538442393695303e-4,1.3025704522031482e-4,2.09818798227167e-4
par/40000,4.3636575136733795e-2,4.352221559778705e-2,4.3938066162442994e-2,5.835988419567999e-4,2.05925313268387e-4,7.808853166365228e-4
par/80000,0.10323814227784914,0.10256240404976,0.10368101730264355,6.903348270089663e-4,1.404209200246175e-4,8.713710038686022e-4
par/160000,0.2370358540598924,0.23670463965067434,0.2375245737687995,5.943531839099776e-4,1.0429066213004138e-4,6.397273530913164e-4
par/320000,0.5416322338278405,0.5373932139482349,0.543652770400513,5.952815382142796e-3,2.6743848615691864e-3,6.7299725487828255e-3
par/640000,1.2320843174335703,1.2303582632642551,1.2376526396643992,9.378525325462721e-3,7.245063120766985e-3,1.059592297862701e-2
