Name,Mean,MeanLB,MeanUB,Stddev,StddevLB,StddevUB
par/10000,5.362604828613603e-3,5.262629676247502e-3,5.482437904430358e-3,6.348524322997592e-4,4.1459910942919274e-4,7.857911343184404e-4
par/20000,1.4471520035673455e-2,1.428562422311411e-2,1.4804586954255905e-2,1.0240541759899192e-3,7.735228462240345e-4,1.4319749392754124e-3
par/40000,4.103771811400594e-2,4.050998508593921e-2,4.175938291602537e-2,1.6842256032298189e-3,1.3300791132685526e-3,1.8508664058127205e-3
par/80000,0.10870026114162278,0.10514899453549026,0.11167402325423494,5.513783983375329e-3,4.283544948265337e-3,7.5350133395981015e-3
par/160000,0.27680601705797014,0.2719328519888222,0.28555235075764357,1.376508524399952e-2,9.62954097852757e-3,1.6795717056017675e-2
par/320000,0.7238802005109998,0.6920668015955016,0.7410402888005289,3.171096634322203e-2,2.095298458357868e-3,3.67733381082183e-2
par/640000,1.862162901602763,1.846321666749039,1.883028224382239,3.656559980772359e-2,1.123430554494062e-2,4.340357208310516e-2
