Name,Mean,MeanLB,MeanUB,Stddev,StddevLB,StddevUB
par/10000,4.149473218996975e-3,4.123443846110566e-3,4.1605869292091185e-3,5.8238434486732834e-5,4.9350703432643426e-5,6.444823338825335e-5
par/20000,1.1758739565791494e-2,1.1735581130482235e-2,1.177995928695777e-2,1.1603185920783632e-4,1.0794468681909983e-4,1.4296503984204709e-4
par/40000,2.8143494300003354e-2,2.8082946716614224e-2,2.8181336405384408e-2,1.3698167717307865e-4,9.506215791825458e-5,1.6051167865303149e-4
par/80000,6.398579870910606e-2,6.381660349443863e-2,6.415467500797609e-2,5.82843397896331e-4,5.104644313274722e-4,6.019270599300492e-4
par/160000,0.14556884950384827,0.1452555815122236,0.14612434334501775,1.2207123322835831e-3,7.879596309357739e-4,1.3636040219113371e-3
par/320000,0.32746821986317326,0.32482886853783083,0.32915547101098735,4.3655983062399805e-3,2.0977145046877184e-3,5.278702650684863e-3
par/640000,0.7566637062700465,0.7538961179670878,0.7584074711194262,4.949515760689367e-3,1.1897833325456861e-3,6.391471406877191e-3
