Name,Mean,MeanLB,MeanUB,Stddev,StddevLB,StddevUB
par/10000,4.006348759391518e-3,3.974482000835004e-3,4.027195476908882e-3,8.621033600111326e-5,7.453565461916419e-5,9.479383448802044e-5
par/20000,1.1732878328669259e-2,1.1681772654859915e-2,1.176707135246871e-2,9.861494524430777e-5,8.265646996552552e-5,1.0716527635840497e-4
par/40000,2.7076047413770316e-2,2.7050328292613418e-2,2.7096327225014344e-2,8.836684796277624e-5,5.121548862367263e-5,1.0590841918261791e-4
par/80000,6.365888244192745e-2,6.336804877944467e-2,6.396520561138826e-2,7.044368855508906e-4,4.913616466803361e-4,8.413292426742441e-4
par/160000,0.14302908915370627,0.14199224510230124,0.14412156434216516,2.6149459901732915e-3,1.646151980928992e-4,3.34283956522206e-3
par/320000,0.3299435513544207,0.32884944142463307,0.33486494913697246,7.0845698603416276e-3,4.118875640239284e-3,8.435082806938885e-3
par/640000,0.7607472523523029,0.747100418782793,0.7685498099599499,1.438197826888059e-2,5.084220858800573e-3,1.7471066255227825e-2
