Name,Mean,MeanLB,MeanUB,Stddev,StddevLB,StddevUB
par/10000,3.1817398018203747e-3,3.070576426816918e-3,3.3713424982205606e-3,6.81965967817199e-4,6.247719539392411e-4,8.296562520349698e-4
par/20000,1.0742777995244802e-2,1.0298463132541201e-2,1.1177516406254227e-2,1.9712845118937464e-3,1.9403289180330286e-3,2.6090145793697026e-3
par/40000,2.9888324516724518e-2,2.9029978662112946e-2,3.042474721222679e-2,2.644217502135348e-3,1.7993960009047136e-3,3.912434030859611e-3
par/80000,7.387473607697058e-2,7.129233813399669e-2,7.548041445114612e-2,5.309492693765813e-3,3.000031192345163e-3,8.167300402816742e-3
par/160000,0.18007893323406785,0.17997339762255757,0.18064333591610193,4.498678493742098e-3,3.830443847742422e-3,5.466073130116656e-3
par/320000,0.44240905735447694,0.43865813299392664,0.44615998171502724,1.2628575175042489e-2,7.219264259854939e-3,1.4238761728167649e-2
par/640000,0.8906865356063159,0.866284888877999,0.9096827251293386,3.192846334398915e-2,1.5276717115042429e-2,3.858675149335103e-2
