Name,Mean,MeanLB,MeanUB,Stddev,StddevLB,StddevUB
par/1024,2.4135428091205816e-3,2.3720156968082997e-3,2.484717018367017e-3,3.411500623851356e-4,1.7562139936320564e-4,5.30688202933499e-4
par/2048,7.369640002536146e-3,7.301693776035616e-3,7.417194307985243e-3,2.590400553313234e-4,2.300065237304431e-4,2.793661471027729e-4
par/4096,1.66930192272992e-2,1.6581516930340347e-2,1.6843193107146305e-2,5.609371803327904e-4,4.924446151327941e-4,7.258726505811545e-4
par/8192,3.6608852374141146e-2,3.6393477158294274e-2,3.6791967785765566e-2,7.552794996826834e-4,6.702531442931353e-4,8.948864972912192e-4
par/16384,8.335932315828604e-2,8.297878815315643e-2,8.386479156798694e-2,1.6293055114477049e-3,1.2134258245950506e-3,2.024296885149294e-3
par/32768,0.19175806478687976,0.19123378110501366,0.1924097613533121,1.6947659154562856e-3,1.328309776530674e-3,2.0957129317348095e-3
par/65536,0.4305196400472868,0.42905831909430986,0.4332187084567961,4.5104024729425395e-3,2.440390504970479e-3,6.431091021127971e-3
par/131072,0.9582886186356688,0.9529984051916205,0.9669750553629799,1.142533688712172e-2,4.397269800785456e-3,1.803753196510599e-2
