Name,Mean,MeanLB,MeanUB,Stddev,StddevLB,StddevUB
par/1024,2.508607837925387e-3,2.4367682700845803e-3,2.5653032351312275e-3,2.3467633204128535e-4,1.7723114536948048e-4,2.9653541492609815e-4
par/2048,7.548039346501793e-3,7.512050004205351e-3,7.673336739644189e-3,3.5868823413082087e-4,2.704097543907303e-4,4.2860153527658935e-4
par/4096,1.7247607808362122e-2,1.7167242956382493e-2,1.7438468385810965e-2,9.647405410159441e-4,5.486295205677186e-4,1.257607055259037e-3
par/8192,3.806348936227486e-2,3.7485766936687544e-2,3.8537789758633534e-2,1.5853619421820001e-3,9.454300501380543e-4,2.3953179755104056e-3
par/16384,8.526171482266001e-2,8.45238573351754e-2,8.602270216490139e-2,1.7676447201213637e-3,1.1978426652880282e-3,2.2047927875556085e-3
par/32768,0.19621043133727142,0.19436353750570082,0.1972989317235445,3.1834485657084403e-3,1.7814279558535284e-3,5.030579155944339e-3
par/65536,0.43855750710273533,0.43354369013432575,0.44086912256145483,8.569446522689024e-3,3.5096529542034544e-3,1.1622082548791681e-2
par/131072,0.9711986124485927,0.9645200058504997,0.9780660733682799,1.1687765163469551e-2,9.756895449624303e-3,1.3367698959104266e-2
