Name,Mean,MeanLB,MeanUB,Stddev,StddevLB,StddevUB
par/1024,2.3066799481505557e-3,2.289086232537625e-3,2.338929346902915e-3,1.130983720729009e-4,8.543611323003699e-5,1.4925293031437366e-4
par/2048,7.065113073316176e-3,7.041751824656169e-3,7.126669582909267e-3,2.5732824877220333e-4,1.6351473338901553e-4,3.1707508046156633e-4
par/4096,1.59383548162346e-2,1.5889939776474758e-2,1.6020346391231937e-2,3.98275634069281e-4,2.6504511148968136e-4,5.431112970842031e-4
par/8192,3.539157717760204e-2,3.521006019184312e-2,3.569028222705475e-2,8.537695600361607e-4,5.301186009890036e-4,1.1599120910375993e-3
par/16384,8.021685609333223e-2,8.000316976709647e-2,8.075345554294534e-2,1.1189793579485414e-3,8.862885562853058e-4,1.4158996021784108e-3
par/32768,0.1850820225465499,0.1837823266511367,0.18588239070723742,3.0775572649463694e-3,1.0833309674969575e-3,3.979013948769336e-3
par/65536,0.42377079493807457,0.42236943696696,0.42479239795913315,2.9721460474015173e-3,1.308318925077842e-3,3.728282251806165e-3
par/131072,0.9445987623835812,0.9421950726227847,0.9511365141210055,8.707165758734198e-3,1.2607106719098307e-3,1.366026749374983e-2
