Name,Mean,MeanLB,MeanUB,Stddev,StddevLB,StddevUB
par/1024,2.146625281683619e-3,2.1314595274911615e-3,2.1640635622217803e-3,9.870536676978404e-5,8.103338411387735e-5,1.131450405552192e-4
par/2048,6.6177044923503864e-3,6.591478549805809e-3,6.651418294324908e-3,1.8374921847514645e-4,1.1429883599625125e-4,2.162217328367547e-4
par/4096,1.507240006205212e-2,1.5018403950693125e-2,1.512152429889234e-2,3.0286976071519867e-4,2.760092800828315e-4,3.285922308192252e-4
par/8192,3.4501593107170846e-2,3.442630884560441e-2,3.45763497285857e-2,5.532486139043869e-4,4.6054855239720016e-4,6.388848615258662e-4
par/16384,7.947519754910753e-2,7.907728162797883e-2,7.989519929794361e-2,1.4141663956499535e-3,9.096807085559936e-4,2.0445051830792716e-3
par/32768,0.1860382022897907,0.18575322407842787,0.18689586160057248,2.3139115037705263e-3,1.3765254609305227e-3,2.925192797300223e-3
par/65536,0.42799407034016246,0.4258823581570399,0.4290539122828798,2.800956583186554e-3,1.671625738556574e-3,4.475399183450287e-3
par/131072,0.9659497267275186,0.9639477943182664,0.9685309345905072,5.517511377786774e-3,1.8296901647143092e-3,7.352261914546204e-3
