Name,Mean,MeanLB,MeanUB,Stddev,StddevLB,StddevUB
par/1024,2.0396366334047783e-3,2.024286013832587e-3,2.059852392019626e-3,8.639752965199242e-5,5.9997398752772394e-5,1.0279255375290074e-4
par/2048,6.322577545107091e-3,6.289802486335493e-3,6.351137059549506e-3,1.7420504335433326e-4,1.2696034337052466e-4,2.090889811099563e-4
par/4096,1.4490917086430414e-2,1.4416136093646078e-2,1.454861638705654e-2,3.091858577762388e-4,1.9711174973775328e-4,3.6261380413635594e-4
par/8192,3.352552898896933e-2,3.334814922369717e-2,3.368403164249431e-2,5.402741220528567e-4,3.23807492147539e-4,7.173511918083458e-4
par/16384,8.021763616626866e-2,7.981762619766464e-2,8.066979937114502e-2,1.3444234867554846e-3,7.688250698117032e-4,1.8883231136507443e-3
par/32768,0.19387895296913019,0.1932306041911344,0.19428833795726727,2.2732281251826095e-3,1.3298329594238565e-3,2.9359648298806153e-3
par/65536,0.4551597403143042,0.4539941542881521,0.4565708213575077,4.006940208252555e-3,2.887728912745232e-3,5.189183566544155e-3
par/131072,1.0343709306314606,1.0323423839391035,1.036155327018593,4.890576770130045e-3,3.107733015032605e-3,6.232134635066907e-3
