Name,Mean,MeanLB,MeanUB,Stddev,StddevLB,StddevUB
par/1024,3.0583938803504054e-3,3.009535412006875e-3,3.1236488091554732e-3,3.829369214156693e-4,2.643174100880804e-4,4.969536626803154e-4
par/2048,9.606915361129861e-3,9.503661324686028e-3,9.741670555752362e-3,4.595630628889554e-4,3.947928750676648e-4,5.507229098536438e-4
par/4096,2.171288633488026e-2,2.1655600939715955e-2,2.1985590681676846e-2,6.059199206893914e-4,5.118475624955641e-4,7.188603111954825e-4
par/8192,4.680747693608124e-2,4.5833729140022546e-2,4.7353487332302595e-2,2.4584099056123797e-3,1.4483315610615034e-3,3.511172007375508e-3
par/16384,0.10229046052354485,0.10102952619588729,0.10356448678237343,3.1194370681914057e-3,1.8067920057316196e-3,4.613994933219825e-3
par/32768,0.23400013874952627,0.2315442706025068,0.24318791734945108,9.295248141155277e-3,2.2568469434769128e-3,1.849151142668051e-2
par/65536,0.517231085269601,0.5136361646978342,0.5206337075148254,6.143171841978189e-3,3.3102974039878703e-3,8.236487124078692e-3
par/131072,1.1230080628343238,1.117928694979734,1.1275339692509743,9.232918840717107e-3,5.725624129205113e-3,1.3102091980924596e-2
