Name,Mean,MeanLB,MeanUB,Stddev,StddevLB,StddevUB
par/1024,2.213305808584882e-3,1.9496109837598107e-3,2.74968374441877e-3,8.618642860822012e-4,4.913820161983525e-4,1.448385036449659e-3
par/2048,6.766195834154184e-3,6.02763164687764e-3,7.5603658354817735e-3,1.8011384418039455e-3,1.3700913516153366e-3,2.2999423466770596e-3
par/4096,1.5199477251439891e-2,1.387225382093152e-2,1.6835103396944676e-2,3.0644382161836474e-3,2.2634493379504366e-3,4.31706765958602e-3
