Name,Mean,MeanLB,MeanUB,Stddev,StddevLB,StddevUB
par/1024,5.12823758126727e-4,5.033917096733031e-4,5.181860913587371e-4,4.23229272960364e-5,3.792198375772382e-5,4.8252714334590284e-5
par/2048,1.549605353875319e-3,1.530563160969616e-3,1.5745417473329714e-3,1.2493140088123e-4,1.0302564261504779e-4,1.3518665166820212e-4
par/4096,4.083172977663701e-3,4.049701368446594e-3,4.128325754509808e-3,2.1979116109387123e-4,1.9233444728949614e-4,2.451004918294359e-4
par/8192,1.4786482509956426e-2,1.4694995447565482e-2,1.4873540079170454e-2,3.732579144097981e-4,3.192754450254281e-4,4.365228845611403e-4
par/16384,4.106657076320111e-2,4.051648886701909e-2,4.1280235458315544e-2,1.3014581833638277e-3,7.064476678197098e-4,2.1620568546695377e-3
par/32768,0.10250248582686368,0.10173278748980279,0.10334486333981151,2.78247873321463e-3,1.957337771401958e-3,3.4970255013524565e-3
par/65536,0.23707906777429255,0.2354272392352984,0.2383450630458988,3.955681481852161e-3,2.921302060361871e-3,5.2425444458973625e-3
par/131072,0.522692875097505,0.5177385283574936,0.5273319428158378,8.615352285694461e-3,5.3090771910971e-3,1.0195866961332437e-2
