Name,Mean,MeanLB,MeanUB,Stddev,StddevLB,StddevUB
par/1024,3.8411590665650056e-4,3.825952111258412e-4,3.8789084443370975e-4,1.4167229388485916e-5,1.0547101247117374e-5,1.878658926419637e-5
par/2048,1.2841091010140065e-3,1.2602186481325691e-3,1.316991124801874e-3,1.6818185853063967e-4,1.312012741875388e-4,2.261688327416565e-4
par/4096,4.20327232487921e-3,4.1503327503451945e-3,4.2619244411914075e-3,2.446583995487971e-4,1.6920554666268185e-4,2.960498221414603e-4
par/8192,1.7565129536820174e-2,1.7450226644024715e-2,1.772485594116858e-2,7.982029819874508e-4,5.891410961818773e-4,1.1255134555197732e-3
par/16384,5.2228006580445796e-2,5.2045579100415344e-2,5.2644358141154805e-2,1.2752273857498874e-3,8.478919910041241e-4,1.5182126568634604e-3
par/32768,0.12397734322259843,0.12288832251790936,0.1251996820543969,2.7360022124388347e-3,1.4132419743271346e-3,3.7312882109161133e-3
par/65536,0.26478854581536215,0.2635007505365078,0.26640663211275967,3.455507470298702e-3,2.203097795193101e-3,4.85480418004385e-3
par/131072,0.533746725369679,0.5272354543225343,0.5375684691361057,9.908536685364663e-3,6.743414316145332e-3,1.1981425027015841e-2
