Name,Mean,MeanLB,MeanUB,Stddev,StddevLB,StddevUB
par/1024,4.113735719103345e-4,4.025421545462871e-4,4.191092602122961e-4,5.221693654744388e-5,2.1657947909274314e-5,8.23774702516974e-5
par/2048,1.1514685474354692e-3,1.1185493568891675e-3,1.1899783599638289e-3,1.9030832786222842e-4,1.1597249991818994e-4,2.186206950068002e-4
par/4096,4.1667766761061585e-3,4.074744669602719e-3,4.300967044701165e-3,6.14391633190727e-4,3.421300700391795e-4,9.929405790400363e-4
par/8192,1.961913373977607e-2,1.939492255249951e-2,1.990311885367887e-2,1.2841400220397633e-3,8.176210071896242e-4,1.4799211801893898e-3
par/16384,5.26089932972218e-2,5.199261235544498e-2,5.33602563834157e-2,2.510038620178486e-3,1.8922150646392686e-3,3.271428923331724e-3
par/32768,0.12767079117841357,0.12564772318583503,0.13106208709402709,6.744634696222662e-3,4.3280225944237125e-3,9.866562987338474e-3
par/65536,0.27322532936382476,0.26930760569753703,0.2783448365308296,1.445709597323848e-2,4.681979865494526e-3,2.2932235837888948e-2
par/131072,0.5297043538555216,0.5265070098976297,0.532974874812725,8.817098903298645e-3,5.968993169845005e-3,1.063251354793274e-2
