Name,Mean,MeanLB,MeanUB,Stddev,StddevLB,StddevUB
par/1024,4.023219417366678e-4,3.993262829588494e-4,4.067963355153464e-4,1.8910454848770065e-5,1.6290305272520632e-5,2.4205265371895156e-5
par/2048,1.266597956602811e-3,1.2420119753931125e-3,1.2946483391514743e-3,1.189679944876272e-4,8.386025239435224e-5,1.5305517269232735e-4
par/4096,4.195846109389674e-3,4.145559364576352e-3,4.22369412673072e-3,2.7243621717756226e-4,1.70734563174115e-4,3.1213257402792975e-4
par/8192,1.593899924904632e-2,1.585746721979819e-2,1.601014531223809e-2,4.873575716649888e-4,4.1083331493182144e-4,5.99500771922699e-4
par/16384,4.520033343318591e-2,4.477302916352673e-2,4.563658547177836e-2,1.7436220659986263e-3,9.837036253145864e-4,2.5201626052511732e-3
par/32768,0.11039731225114338,0.10938764486151091,0.1112421359666618,3.045075238785787e-3,1.8489107820901661e-3,3.864270411107934e-3
par/65536,0.24369468992557858,0.2417013918100301,0.24562595742664756,4.921937284356218e-3,3.53075940997068e-3,6.372292310011971e-3
par/131072,0.5087494043353852,0.5054588880752167,0.5124660004482106,6.686345787208086e-3,4.819963567055176e-3,8.049543230914549e-3
