Name,Mean,MeanLB,MeanUB,Stddev,StddevLB,StddevUB
par/1024,5.299127507450549e-4,5.221129507563362e-4,5.478049032637966e-4,7.346555905060357e-5,5.5859813166338046e-5,1.0310900573994952e-4
par/2048,1.450521043148058e-3,1.431237094391354e-3,1.4742208102610905e-3,1.1525729505074043e-4,5.947457445825081e-5,1.346782737811476e-4
par/4096,3.7953013502494853e-3,3.7601109942882716e-3,3.8651105392482825e-3,3.173791562094827e-4,2.3596222776144917e-4,3.9271373339780363e-4
par/8192,1.3852552107815972e-2,1.3630100849470915e-2,1.397913621557566e-2,9.293752010824751e-4,5.713606868113589e-4,1.0820951632655304e-3
par/16384,4.14999063603496e-2,4.095063830166395e-2,4.1931064428773555e-2,1.8068344702444447e-3,9.069214239634866e-4,2.6071850131740644e-3
par/32768,0.10157867414086476,0.10018888744446376,0.10226089291320792,2.649076399567275e-3,1.7026888751380338e-3,3.638661634482743e-3
par/65536,0.22728908134170034,0.22560888945466384,0.22907569169394845,4.596811225216318e-3,3.08955089533708e-3,6.710383693407285e-3
par/131072,0.4861610392400657,0.4847769293613322,0.48776772720570716,3.73668471480239e-3,2.383504884006126e-3,4.652578027451084e-3
