Name,Mean,MeanLB,MeanUB,Stddev,StddevLB,StddevUB
par/1024,1.0588850613743078e-3,1.0498538948391074e-3,1.0689053231150829e-3,5.205647172989768e-5,4.236753627839142e-5,6.218320041489721e-5
par/2048,2.47641201237951e-3,2.4622877179008894e-3,2.4977443029725165e-3,1.0504550961700672e-4,6.908390178737228e-5,1.3445607552140808e-4
par/4096,5.9204720533055566e-3,5.873170862371506e-3,5.979719547047314e-3,2.1737235023880418e-4,1.4663029264983446e-4,3.1619016445217637e-4
par/8192,2.0012963813451978e-2,1.9839883950318073e-2,2.0109675396443868e-2,4.7790586266967087e-4,3.6200337398305233e-4,6.104009950049962e-4
par/16384,6.046943328287022e-2,6.010153085074145e-2,6.08588183675462e-2,1.208030679242527e-3,7.12420432434626e-4,1.862466703752007e-3
par/32768,0.14141014763530393,0.14101188874877404,0.141895559517196,1.4654851381507806e-3,9.712078253781511e-4,1.8450042791829228e-3
par/65536,0.3497327036457433,0.34811794242303845,0.35127078921078564,2.9894777111833136e-3,2.124729178547408e-3,3.861581846740755e-3
par/131072,0.8869263938124615,0.8834590010638288,0.8897892901720655,7.538527062086689e-3,2.302477723477375e-3,1.177769908001581e-2
