Name,Mean,MeanLB,MeanUB,Stddev,StddevLB,StddevUB
par/1024,7.216463703480871e-4,7.126099299733293e-4,7.329741232756277e-4,5.1309583588168275e-5,3.473297344451878e-5,6.392114261024715e-5
par/2048,1.7642284993579268e-3,1.7492705739918866e-3,1.7838736796771826e-3,7.812108396518408e-5,6.967815254217157e-5,9.96506927220207e-5
par/4096,4.359835127369911e-3,4.331003157243305e-3,4.435963560952246e-3,2.696508317674457e-4,2.373924585107758e-4,3.160942138552439e-4
par/8192,1.6316044822998633e-2,1.6238072866216095e-2,1.6382954262048274e-2,3.2730333880975345e-4,2.551852429696842e-4,4.078753564715765e-4
par/16384,4.409937149990878e-2,4.3980368013859475e-2,4.427614441698329e-2,7.260274018663618e-4,5.94208554387916e-4,8.615466762300619e-4
par/32768,0.10607470568746244,0.10538897583846735,0.10626475376057369,2.554117666417342e-3,2.0404546648914e-3,2.7643313123555755e-3
par/65536,0.2636441660668544,0.2621613477495207,0.2652860077459816,3.3420325706930393e-3,2.246982291790484e-3,4.19503031097603e-3
par/131072,0.6275687822191341,0.6244070290647918,0.6290360682340376,5.1421311175475215e-3,1.2869456530438224e-3,8.90729656869036e-3
