Name,Mean,MeanLB,MeanUB,Stddev,StddevLB,StddevUB
par/1024,4.370982187739656e-4,4.3553540910716315e-4,4.3877689336927676e-4,1.4411529039997323e-5,1.0512350697708214e-5,1.801594235274167e-5
par/2048,1.1980722216563635e-3,1.176486612132318e-3,1.214922026749301e-3,1.2044924262307145e-4,9.816816448409227e-5,1.6968409425992275e-4
par/4096,3.7279775651867905e-3,3.6990799781302514e-3,3.7850243293185747e-3,3.1516184599457333e-4,2.3759407998932199e-4,3.929509717854451e-4
par/8192,8.654057748885354e-3,8.586499122357377e-3,8.760490691895743e-3,4.126051113836217e-4,3.3824799116115984e-4,5.432534886992825e-4
par/16384,2.5962509420965868e-2,2.5843193292506093e-2,2.611218767838522e-2,7.381825609206032e-4,5.874633676079442e-4,8.883368158071996e-4
par/32768,8.614266765231245e-2,8.534787491442355e-2,8.710908002699175e-2,2.234617845539556e-3,1.2679341373193662e-3,3.354800996308612e-3
par/65536,0.22577759639993866,0.223652090596377,0.2277227496709451,3.5453721032754565e-3,2.9616682827238727e-3,4.620635880141491e-3
par/131072,0.4923832980867669,0.4890649264182615,0.4945573052685808,6.821676058458976e-3,5.444790499985925e-3,7.615969246562145e-3
