Name,Mean,MeanLB,MeanUB,Stddev,StddevLB,StddevUB
par/1024,7.460538717188587e-4,7.374597716366136e-4,7.532652873876611e-4,5.203521139725553e-5,4.544317369445247e-5,5.715109631814745e-5
par/2048,2.08761211913174e-3,2.068721520954028e-3,2.103734446258937e-3,9.475781937402624e-5,8.003768144092812e-5,1.0641944508094744e-4
par/4096,4.159033429702645e-3,4.106654090282665e-3,4.199142691558191e-3,2.343649376941022e-4,1.9659023021949441e-4,2.628384027925312e-4
par/8192,9.339319950909536e-3,9.246803369657077e-3,9.442133425573826e-3,4.015335906681215e-4,3.0203609563015353e-4,5.139620644810674e-4
par/16384,2.3363700066408907e-2,2.322988470296189e-2,2.3490056755926438e-2,7.576414937444651e-4,5.587547710211563e-4,8.722617736622695e-4
par/32768,7.506633672051573e-2,7.472932145061897e-2,7.545160395695562e-2,1.1627265199020227e-3,1.0431009742062334e-3,1.4536367772895562e-3
par/65536,0.19688152181688323,0.19537370394810763,0.19916953027643947,3.942383160317393e-3,2.7334060225519827e-3,4.906201292033461e-3
par/131072,0.48699808483233104,0.4834285815370312,0.490462531616189,6.51381549176764e-3,5.075588824787058e-3,7.623154193005954e-3
