Name,Mean,MeanLB,MeanUB,Stddev,StddevLB,StddevUB
par/1024,4.3492826666631534e-4,4.335761119704629e-4,4.36699488886179e-4,9.848266339377061e-6,8.000775619926443e-6,1.165558103225141e-5
par/2048,1.2051196547182288e-3,1.1849537586279665e-3,1.2200145787576127e-3,9.186603840369531e-5,7.385363365651529e-5,1.20997534525535e-4
par/4096,3.5986545327730923e-3,3.575026446212365e-3,3.6141179836820555e-3,1.9460546472972482e-4,1.7324178482396147e-4,2.454328194561159e-4
par/8192,8.455800502153206e-3,8.35694958993592e-3,8.5420526649487e-3,4.778903270492151e-4,2.6570011177064467e-4,5.917258994810013e-4
par/16384,2.4202380522808008e-2,2.3990431621214062e-2,2.439482063840111e-2,7.067265484190588e-4,4.8625540688537305e-4,8.902717928032501e-4
par/32768,7.903979950331198e-2,7.836876198601911e-2,7.940195230646517e-2,1.8182581725845514e-3,1.5647572474654348e-3,2.0728464182258946e-3
par/65536,0.2113638292078907,0.21032536854741243,0.21261441714248153,2.5549026759920093e-3,1.8725513876733833e-3,3.231004396406167e-3
par/131072,0.47492582508908954,0.47363620606957835,0.47682761659991874,5.337051400304528e-3,3.8831766566129636e-3,6.9153975091521625e-3
