Name,Mean,MeanLB,MeanUB,Stddev,StddevLB,StddevUB
par/1024,4.81599092323372e-4,4.747199737498949e-4,4.8811751655545254e-4,2.3251900855686595e-5,1.6049511003870594e-5,2.92124974862828e-5
par/2048,1.4026879642162413e-3,1.3865715329505243e-3,1.4254200549604931e-3,1.3373670766490367e-4,9.291615588367289e-5,1.8037800261941472e-4
par/4096,3.4982236397481906e-3,3.4465994156162427e-3,3.5329274546764184e-3,2.539125497889734e-4,2.0696845640903055e-4,3.1678446114198204e-4
par/8192,7.85714678834493e-3,7.792415850048375e-3,7.913260213363768e-3,4.2150112436670066e-4,3.254375221562666e-4,5.540417966568432e-4
par/16384,2.0485181879991342e-2,2.027588556412422e-2,2.0831654588359512e-2,1.2027397360002228e-3,9.869616125216304e-4,1.402116335629882e-3
par/32768,6.76711360280544e-2,6.728101570664832e-2,6.824283976404236e-2,1.6619607453836136e-3,1.349089472645688e-3,1.9972746169557797e-3
par/65536,0.18069752375561685,0.1798913052416488,0.1813057988612912,4.14343254827516e-3,2.521188243099333e-3,4.943608937225815e-3
par/131072,0.42496719984373166,0.4214111799525589,0.4275306506727615,6.748857015391773e-3,4.653688635637367e-3,7.375291245279271e-3
