Name,Mean,MeanLB,MeanUB,Stddev,StddevLB,StddevUB
par/1024,5.094764169146108e-4,5.009199060550017e-4,5.172519430426002e-4,3.93039542146319e-5,2.9073160426451757e-5,5.3726580624019574e-5
par/2048,1.283630412410019e-3,1.2465406043755888e-3,1.3371460801591582e-3,2.83631543701879e-4,2.078047612321841e-4,3.571604650744146e-4
par/4096,3.8185625426335468e-3,3.746978292408349e-3,3.939140977956329e-3,3.8279297200011393e-4,2.9410777915808543e-4,4.940097145169983e-4
par/8192,9.528867268241105e-3,9.38020879266254e-3,9.829392795077014e-3,1.0324820837445611e-3,7.742026345029524e-4,1.6193508527384325e-3
par/16384,2.8255634637644075e-2,2.7770519540669805e-2,2.8717164718105485e-2,2.1249016192387365e-3,1.5124551739228312e-3,2.8812884406281855e-3
par/32768,9.636470380089994e-2,9.446071387416352e-2,9.825221090978757e-2,4.564387705611302e-3,3.464711915217905e-3,6.139737619067151e-3
par/65536,0.24516465311428823,0.24294395832533833,0.2471800506656402,6.191932410510191e-3,3.4303008847728867e-3,8.14932890933409e-3
par/131072,0.526855570649552,0.5215658590471496,0.53514193146436,1.5060820901648266e-2,9.849930321001017e-3,1.817237117473048e-2
