Name,Mean,MeanLB,MeanUB,Stddev,StddevLB,StddevUB
par/1024,4.52170794444032e-4,4.4752234064152004e-4,4.560147629218159e-4,1.5921769531021637e-5,1.2247010540087432e-5,2.0776883563731022e-5
par/2048,1.2496242034219249e-3,1.221913153067497e-3,1.2683225160043975e-3,1.3402936567459504e-4,9.313586382446417e-5,1.6878971696818084e-4
par/4096,3.659674345718634e-3,3.626428030417028e-3,3.7200625904994754e-3,2.2264840675156688e-4,1.8894361623830524e-4,2.6668967680617314e-4
par/8192,8.323195373122401e-3,8.222243059199885e-3,8.420355806602421e-3,4.3348454432346145e-4,2.7144158715107183e-4,5.840505664436652e-4
par/16384,2.2899230562094697e-2,2.2651454048398488e-2,2.311478889694647e-2,9.364669931335891e-4,6.128814044659952e-4,1.2211737159889846e-3
par/32768,7.355632579111314e-2,7.276191422623383e-2,7.423619835192673e-2,2.039824010530488e-3,1.3677094443898077e-3,2.993799900181575e-3
par/65536,0.19862315302056463,0.1979577946312507,0.19916294825315717,3.570606038821677e-3,2.156647872880003e-3,4.800366183007782e-3
par/131072,0.45110309834877627,0.4477283997501777,0.45367146644747014,8.156639624818034e-3,4.750140914234536e-3,1.131283759565455e-2
