Name,Mean,MeanLB,MeanUB,Stddev,StddevLB,StddevUB
par/1024,1.1871021789317741e-3,1.1754612892278123e-3,1.2011584126820068e-3,7.482366619194027e-5,5.640160147156243e-5,9.39805009066592e-5
par/2048,2.8430791925614317e-3,2.8256647324877266e-3,2.8588038951856344e-3,1.0105713408203355e-4,8.642065703738873e-5,1.0949627178723349e-4
par/4096,5.727733731863157e-3,5.669757355420876e-3,5.775180282215556e-3,1.861455422511913e-4,1.2281860270661667e-4,2.349529248065445e-4
par/8192,1.250009695120108e-2,1.246091227371876e-2,1.2543968293471134e-2,3.3403533188959154e-4,2.1116480764752594e-4,4.624842865156221e-4
par/16384,2.9186243114542043e-2,2.9124040598038428e-2,2.929219205648606e-2,3.4982063863870803e-4,2.5866569122956284e-4,4.5453349958302037e-4
par/32768,9.487904380605217e-2,9.435069000832184e-2,9.532899249969773e-2,1.258001228481027e-3,6.872578975231293e-4,1.8669861779966818e-3
par/65536,0.28069167017803914,0.2791502290943841,0.2815400073027073,3.210554538677875e-3,1.7505628651534762e-3,4.250124874792169e-3
par/131072,0.6741592809592877,0.6708286519651665,0.67731333480558,6.213948439745177e-3,3.695778152589345e-3,8.021191575468517e-3
