Name,Mean,MeanLB,MeanUB,Stddev,StddevLB,StddevUB
par/1024,5.274653127084625e-4,5.207489133288728e-4,5.338850779712645e-4,4.1029109828302726e-5,3.733978437130646e-5,4.457074762435177e-5
par/2048,1.62727690820293e-3,1.6180924340453244e-3,1.6427851310929437e-3,1.0296017257388356e-4,8.940179700483995e-5,1.1244291773560484e-4
par/4096,3.705249167517568e-3,3.676798639167883e-3,3.7643081625499597e-3,1.9259308558974722e-4,1.2586261431084673e-4,2.5366956386920755e-4
par/8192,8.184615366507992e-3,8.14883924939598e-3,8.305360230512267e-3,3.134201260104053e-4,2.618017374606131e-4,4.2282618460464104e-4
par/16384,2.1065353734907373e-2,2.0895795662086183e-2,2.120455319040158e-2,6.791445866995098e-4,5.033709438919559e-4,8.500606783883752e-4
par/32768,6.68499605777586e-2,6.648872817325865e-2,6.745179090430847e-2,1.8673845281969987e-3,1.2408068412030112e-3,2.127276144582554e-3
par/65536,0.18151989597099916,0.18076048104226405,0.1819591416510044,3.969003439521908e-3,2.7530647246690808e-3,4.393987728120441e-3
par/131072,0.43242909058091455,0.42853031442487316,0.43461690676962206,4.474315655765528e-3,2.995660634079078e-3,5.9078747605638745e-3
