Name,Mean,MeanLB,MeanUB,Stddev,StddevLB,StddevUB
par/10000,3.351236135818343e-3,3.3309007084908935e-3,3.3644531892877603e-3,8.538102543071742e-5,8.118127853344653e-5,8.663392293365257e-5
par/20000,8.958568293505583e-3,8.949204905322465e-3,8.98132919016278e-3,1.811542581206976e-4,1.4403034785567036e-4,1.8793000973965897e-4
par/40000,2.1576378306957494e-2,2.15377352648394e-2,2.174442676222161e-2,4.199240439979197e-4,3.567647735555532e-4,5.670136611437228e-4
par/80000,4.874015206379708e-2,4.8500371251337465e-2,4.8964651813464995e-2,9.185230732512642e-4,8.224075948827844e-4,9.79509255169433e-4
par/160000,0.1074844916054455,0.10688996862708813,0.1083418817205578,1.2411255502357448e-3,9.942620420257831e-4,1.7270002255461451e-3
par/320000,0.23410196042645515,0.2330785612640385,0.23601918337194042,3.710702199206264e-3,3.347374486721754e-3,4.2429684959246015e-3
par/640000,0.5186620171977362,0.5158320672926493,0.5208887011685874,4.269142380276819e-3,1.329814161484255e-4,4.328191963945914e-3
