Name,Mean,MeanLB,MeanUB,Stddev,StddevLB,StddevUB
par/10000,5.705566024740594e-3,5.559647807231022e-3,5.961547261966066e-3,6.778808422712133e-4,3.981235315677621e-4,9.430519986051777e-4
par/20000,1.2537414228287668e-2,1.2088335439665605e-2,1.2711125679471686e-2,8.961410235922219e-4,7.131999290475058e-4,1.0672107416458384e-3
par/40000,2.8947974374003246e-2,2.856924761488211e-2,2.961187531855753e-2,2.0090067079736006e-3,1.6880828044298023e-3,2.2893092568366516e-3
par/80000,8.080128885445273e-2,7.93055555189494e-2,8.375409667058627e-2,4.065929047904954e-3,3.1387724040175245e-3,4.414470810795851e-3
par/160000,0.22337417752068076,0.21137877941752473,0.23292721355230442,1.0747362738814594e-2,6.852115470330443e-3,1.1913101355097003e-2
par/320000,0.5832234510744456,0.5746499832603149,0.5962306011060718,1.4681154337955001e-2,4.865963267507592e-3,1.979957580150783e-2
par/640000,1.4471719457748502,1.4200520312103133,1.4580701593464862,2.768549353229275e-2,2.746170214880394e-3,3.249961646207558e-2
