Name,Mean,MeanLB,MeanUB,Stddev,StddevLB,StddevUB
par/10000,4.243023169073504e-3,4.177069654031607e-3,4.260188647405855e-3,6.019379632378344e-4,3.5206733783361136e-4,7.304318275794623e-4
par/20000,9.181126736499116e-3,9.018562504215658e-3,9.762357028018562e-3,9.788928454703705e-4,8.41895989856593e-4,9.964634707977824e-4
par/40000,2.1303834701007825e-2,2.117999636751315e-2,2.1441286642618275e-2,2.164482837662856e-3,1.264255196130212e-3,2.8005350275464064e-3
par/80000,5.766612509514555e-2,5.582900454988255e-2,5.983364230050168e-2,4.140887391343859e-3,2.151472561739581e-3,6.3801270917628805e-3
par/160000,0.15372028885041775,0.15067253678048753,0.15743142428750895,8.057310167999281e-3,4.029334432310307e-3,1.0010988073636132e-2
par/320000,0.3865053329015306,0.3756636940330888,0.40277146391842206,1.886678658286953e-2,4.323921263373137e-3,2.2816075299886957e-2
par/640000,0.9781140073998055,0.9628957624954637,0.9952302227417628,2.9343877271755095e-2,0.0,3.324383622651292e-2
