Name,Mean,MeanLB,MeanUB,Stddev,StddevLB,StddevUB
par/10000,3.3499233460827214e-3,3.218409301153058e-3,3.5362276131329904e-3,7.168285112339205e-4,6.346831692745164e-4,7.594489904214586e-4
par/20000,8.273883173997514e-3,8.125051481316972e-3,8.577294776248714e-3,1.2468992101666086e-3,1.1202612240003205e-3,1.3699501126110466e-3
par/40000,2.2194119469646466e-2,2.1862790502347827e-2,2.2704840626208856e-2,4.118165671302483e-3,2.123230288966823e-3,5.4215907276732155e-3
par/80000,5.585176194186875e-2,5.417248445812816e-2,5.7114020326513464e-2,4.027345855319487e-3,3.0974520420670483e-3,5.077003325588297e-3
par/160000,0.14878574228294347,0.1416925531317841,0.15504000997550937,1.2279275554299082e-2,3.529872769113287e-3,1.670419347153808e-2
par/320000,0.36914081960761297,0.359618602010111,0.3829648811952211,2.212696481636937e-2,8.037738502025604e-3,2.7034552874835367e-2
par/640000,0.887437878108661,0.8789955305401236,0.9023642868657287,1.7485590575029325e-2,3.5943928523920476e-3,1.9312547571363026e-2
