Name,Mean,MeanLB,MeanUB,Stddev,StddevLB,StddevUB
par/10000,3.4207881850235405e-3,3.2606626479576256e-3,3.475941766012334e-3,7.189984595870491e-4,5.533813213274038e-4,8.201194352089766e-4
par/20000,7.855682663725978e-3,7.69289782223714e-3,8.296366421381528e-3,1.0353165708946372e-3,7.087601674671011e-4,1.318637038313502e-3
par/40000,2.1882083061289824e-2,2.1419338890013177e-2,2.2621749006554292e-2,3.1597157499939216e-3,2.962597314711734e-3,4.015878714958467e-3
par/80000,5.280585230999693e-2,5.115970755334243e-2,5.4570820473898676e-2,4.01931535033845e-3,3.3690556518166967e-3,4.34654225568606e-3
par/160000,0.1440425499247349,0.14013271206153594,0.14472149580013843,7.313336497695577e-3,5.628025064574129e-3,9.566073007556419e-3
par/320000,0.36586629928206094,0.3359375433064997,0.37920319609111175,2.233714450601808e-2,5.801362334750593e-3,3.0003563440312853e-2
par/640000,0.850883379704707,0.8332730582915246,0.8598297168597734,1.6778353135095427e-2,1.347342818924276e-2,1.8806556870763283e-2
