Name,Mean,MeanLB,MeanUB,Stddev,StddevLB,StddevUB
par/10000,3.1146877216199197e-3,2.972094910700772e-3,3.2556093292429506e-3,8.468149545042201e-4,8.008140580469844e-4,9.798239921937504e-4
par/20000,8.61696755407283e-3,8.412972688635322e-3,9.11846827264207e-3,1.4459284099265892e-3,1.2478634462766334e-3,1.5926476366287389e-3
par/40000,2.318748745669381e-2,2.3006903264034543e-2,2.419247924372107e-2,3.576413865624761e-3,2.3900050624885857e-3,4.220885476711733e-3
par/80000,6.082591176757018e-2,5.931082129492005e-2,6.332409431091546e-2,5.03343302592127e-3,4.254945212722236e-3,5.619661809622958e-3
par/160000,0.17097288486626963,0.1690475789704962,0.17455802667809991,7.775516852738419e-3,2.602633565728159e-3,8.047949709524365e-3
par/320000,0.4065354633203242,0.390107233193703,0.41734506995999254,2.319311261411448e-2,4.651273833587766e-3,2.7071585405988145e-2
par/640000,0.9881876827178834,0.9794985820966152,0.9980768371994297,2.4880236059782155e-2,1.8681833187551566e-2,2.8757379255984494e-2
