Name,Mean,MeanLB,MeanUB,Stddev,StddevLB,StddevUB
par/10000,3.836453071883849e-3,3.827437730256937e-3,3.856627981648828e-3,7.893615515229599e-5,7.517825384025225e-5,8.706254490173318e-5
par/20000,1.0367029448007239e-2,1.0338914027444763e-2,1.040245844480885e-2,1.7169988280321528e-4,1.3581167281697705e-4,2.0831018183711372e-4
par/40000,2.619667546280147e-2,2.6124144323126056e-2,2.6255920952527052e-2,3.4385309362531223e-4,3.1448518640957135e-4,3.684936801070543e-4
par/80000,5.8033995329276784e-2,5.760754424907955e-2,5.8231453490282824e-2,1.5466515539130175e-3,1.0839540265443668e-3,2.4709361798105163e-3
par/160000,0.13214240108285422,0.13196433500221855,0.13230104908635396,7.640787514535009e-4,6.925067411034543e-4,8.354595797484334e-4
par/320000,0.2901576785199965,0.28977320468984546,0.29086904958821835,2.2757627319334693e-3,3.080788532221217e-4,2.8164987018942807e-3
par/640000,0.6525827115595652,0.6514504451382285,0.6545265287471315,3.2803988348926757e-3,1.8741962133748946e-3,3.4776839792867776e-3
