Name,Mean,MeanLB,MeanUB,Stddev,StddevLB,StddevUB
par/10000,3.2190522378078663e-3,2.986144338436418e-3,3.411769959354041e-3,8.785134448556556e-4,5.963062928082852e-4,1.1625055957491686e-3
par/20000,8.514160393606328e-3,8.361365830000956e-3,8.825362695476088e-3,1.3079808516904853e-3,1.2034052063299011e-3,1.4711004791574033e-3
par/40000,2.201171236763643e-2,2.1071412339915652e-2,2.270622607721511e-2,3.110371134589305e-3,1.427784604259917e-3,4.065101960762261e-3
par/80000,5.960012570379894e-2,5.828823857264192e-2,6.0922456918611985e-2,5.683583165590153e-3,2.814572679908981e-3,7.810207388753319e-3
par/160000,0.16076249684425717,0.15790963206063244,0.16378565251092317,6.790996758178131e-3,1.3640588754398e-3,8.938508454069325e-3
par/320000,0.3923940063493016,0.38761486442914855,0.40473641078763956,1.6994300778559276e-2,5.466066826951485e-3,2.2932673430254884e-2
par/640000,0.9475445671317478,0.9371550116920844,0.9599009333760478,3.3301362796586784e-2,1.6845489270053804e-2,3.8908587090594776e-2
