Name,Mean,MeanLB,MeanUB,Stddev,StddevLB,StddevUB
par/10000,3.4395688391100814e-3,3.3160927472624807e-3,3.827191908333183e-3,7.065327469525711e-4,5.317510208261148e-4,1.0343072055391618e-3
par/20000,7.109783568177965e-3,6.864601596549633e-3,7.470918296271081e-3,7.903391467099724e-4,7.669324825182163e-4,1.0136001053870976e-3
par/40000,1.7657496378520272e-2,1.740706541280915e-2,1.7904183653188962e-2,1.143601828362693e-3,7.089006147636255e-4,1.2063265501923352e-3
par/80000,4.618937807194272e-2,4.473135008783626e-2,4.696951698236531e-2,2.7365874818491925e-3,9.81984852253897e-4,4.014706256157278e-3
par/160000,0.12942756070288375,0.12688081493085648,0.1307469734592208,7.209435437639936e-3,6.048869169825112e-3,1.0012347173317195e-2
par/320000,0.3417299907402291,0.33731441186197725,0.3461455696184809,1.6113923998321646e-2,8.445621439720392e-3,1.92929122266094e-2
par/640000,0.8170177991366169,0.8000709331342174,0.8340118544971725,3.2035067125782885e-2,1.5242505457510432e-2,3.916437433516331e-2
