Name,Mean,MeanLB,MeanUB,Stddev,StddevLB,StddevUB
par/10000,3.055638543266994e-3,3.040395263841765e-3,3.064863008535348e-3,4.9677418237981234e-5,4.5168567464240845e-5,5.5572363974465526e-5
par/20000,7.911953820701681e-3,7.88726364387389e-3,7.929197854405943e-3,1.1730486251457948e-4,1.0762751764578517e-4,1.3857293678009195e-4
par/40000,1.922543319862808e-2,1.9175701439325524e-2,1.9426829720048992e-2,3.9477780782342053e-4,3.4214480736643804e-4,4.75354485167303e-4
par/80000,4.167551155873983e-2,4.167551155873983e-2,4.167551155873983e-2,9.695354756143933e-4,8.585139131091958e-4,1.1634545295319684e-3
par/160000,9.215352356042122e-2,9.099022569726148e-2,9.263302507827541e-2,1.4727286519647582e-3,1.4727286519647582e-3,1.4727286519647582e-3
par/320000,0.20508648248311753,0.20397427533494517,0.20634725958678043,3.025436055249201e-3,6.670876590066416e-4,3.8560730115369864e-3
par/640000,0.4529851432986713,0.4509187080839183,0.4532880265420924,1.9918834399222513e-3,4.4039242744878726e-4,2.2571307296554155e-3
