Name,Mean,MeanLB,MeanUB,Stddev,StddevLB,StddevUB
par/10000,2.8376149618004392e-3,2.8234736633443685e-3,2.843060796066692e-3,4.738689920536216e-5,4.1480608263558346e-5,5.88745160727648e-5
par/20000,7.317112552936333e-3,7.2734689191411555e-3,7.364218766022604e-3,1.6219043328807235e-4,1.5022661792966338e-4,1.7868874034578062e-4
par/40000,1.6813520531655222e-2,1.6766154033772716e-2,1.6937206861445554e-2,2.1004447807840775e-4,1.3367570557222194e-4,2.993213093939576e-4
par/80000,3.8012605967952764e-2,3.7832611576847607e-2,3.8212058248320926e-2,4.679612946543526e-4,3.104345055393379e-4,5.888904901913217e-4
par/160000,8.684024239988214e-2,8.621059607631261e-2,8.773535021303577e-2,1.4305789265341786e-3,1.255523743065603e-3,1.4591202389850097e-3
par/320000,0.19129267439453138,0.19102705836606523,0.19174171015102828,8.563427720153188e-4,2.8469528857093707e-4,9.739744681722502e-4
par/640000,0.4230230094399303,0.41948016826063395,0.4247554149478674,2.9438476084754583e-3,9.910929948091507e-4,3.414825136760467e-3
