Name,Mean,MeanLB,MeanUB,Stddev,StddevLB,StddevUB
par/10000,3.0664579355080134e-3,3.0355137212233524e-3,3.0843298017721186e-3,1.0180550038752359e-4,8.48447145902816e-5,1.1752649259777698e-4
par/20000,8.181736816857542e-3,8.150261784808897e-3,8.25369060311792e-3,2.2803845515917366e-4,1.67291788624087e-4,2.661647576164196e-4
par/40000,1.9299687174782122e-2,1.9133457017188656e-2,1.937757136468991e-2,5.136730385399927e-4,4.2725321772109836e-4,6.443732597520588e-4
par/80000,4.303001857023737e-2,4.281763315603111e-2,4.3175300607793544e-2,6.90342724018968e-4,5.586368229320546e-4,7.463957732596743e-4
par/160000,9.411208113892384e-2,9.239164551118852e-2,9.47550675488238e-2,2.232552977513968e-3,1.0521645252443684e-3,3.2330266955981897e-3
par/320000,0.20901213131275856,0.20783660793935674,0.2102992549435132,2.236091553723919e-3,1.6843660466010918e-3,2.4362141322832914e-3
par/640000,0.4551166913394506,0.44676431169500574,0.4610899534309283,9.384595528526942e-3,2.9213756788522005e-3,1.0734047265436199e-2
