Name,Mean,MeanLB,MeanUB,Stddev,StddevLB,StddevUB
par/1024,4.1896967372732127e-4,4.1580490898324835e-4,4.2090181182215757e-4,2.3558013932828334e-5,1.8899303360730423e-5,2.587065565913218e-5
par/2048,1.2359946812433764e-3,1.2240995007933978e-3,1.255627739754704e-3,1.0755139713646574e-4,9.334010918272442e-5,1.268811556915406e-4
par/4096,3.5007945600332266e-3,3.463704597450908e-3,3.54152034878878e-3,1.9670149228000747e-4,1.4824984750201243e-4,2.538153543400496e-4
par/8192,1.0126530711860713e-2,9.969137689832196e-3,1.0190207802778704e-2,4.569674707112449e-4,3.026942707514792e-4,5.464042696235602e-4
par/16384,3.363840566232163e-2,3.318880166056716e-2,3.3845176146640725e-2,1.3109059803903987e-3,1.0676001071702346e-3,1.716285833111543e-3
par/32768,9.712998290267716e-2,9.66449006183295e-2,9.852391397413734e-2,2.3067176659324995e-3,1.3713580339791245e-3,3.998923662834038e-3
par/65536,0.22826463907466793,0.22719982568591227,0.23002302351650125,3.6100723891158517e-3,2.7873443755650155e-3,4.25599746427077e-3
par/131072,0.4842770282009754,0.48045756798563855,0.4882058045189245,8.924231046145155e-3,7.74136680495286e-3,1.0233610288117626e-2
