Name,Mean,MeanLB,MeanUB,Stddev,StddevLB,StddevUB
par/1024,3.9358446038767996e-4,3.913453915910969e-4,3.9551667095990683e-4,1.2275709724834553e-5,1.0596040413626694e-5,1.4183330802562846e-5
par/2048,1.187106969159649e-3,1.1737172990291392e-3,1.2138254497720737e-3,1.0352001797464595e-4,8.669611864268784e-5,1.2375843126029835e-4
par/4096,3.5112610115054397e-3,3.4632362049004813e-3,3.570072618407595e-3,2.7167206661882334e-4,1.696103910809419e-4,4.00692085262993e-4
par/8192,1.0408161395785537e-2,1.0303080501246101e-2,1.0583458401204027e-2,5.884647649721281e-4,4.3876730962815494e-4,8.708996653877735e-4
par/16384,3.522105959191374e-2,3.500287819268128e-2,3.558702135035501e-2,9.797499435003334e-4,7.977092537845135e-4,1.2004511935876667e-3
par/32768,0.10351094352273028,0.10295035174295386,0.1040827411569697,1.584052054402477e-3,1.0988346714907438e-3,1.8208920688915534e-3
par/65536,0.24044360405513196,0.23924444607014847,0.24220100475114717,4.9046268694959904e-3,1.851686275386863e-3,6.64041146703265e-3
par/131072,0.503743283772862,0.5001725535991121,0.5075751021008262,8.288512833377552e-3,5.826424831853318e-3,1.064959059734624e-2
