Name,Mean,MeanLB,MeanUB,Stddev,StddevLB,StddevUB
par/1024,5.049847652513253e-4,4.8297494998803003e-4,5.30490399410044e-4,1.5547400418028297e-4,5.0682956464739835e-5,2.2573795069966921e-4
par/2048,1.2403390190360915e-3,1.2240040291217448e-3,1.3043929841547734e-3,1.5660162873906794e-4,8.534745362088831e-5,2.1110295281798202e-4
par/4096,4.019043301790253e-3,3.900975405116025e-3,4.150482508129398e-3,6.350660918448614e-4,2.875805189049415e-4,9.594461033107464e-4
par/8192,1.1631968705384948e-2,1.1456658795012009e-2,1.1740290536911835e-2,1.0977804376590323e-3,9.091175152511197e-4,1.2383718482401266e-3
par/16384,4.318278117492228e-2,4.249048527752637e-2,4.385343658662247e-2,2.612522655090403e-3,1.8116604944776271e-3,3.569008756194781e-3
par/32768,0.1200057658598668,0.11956004662890544,0.12139517097457574,4.456297569656507e-3,2.9207144885287552e-3,6.067907485013051e-3
par/65536,0.26793049940000635,0.2663047789832512,0.2694928445274977,4.317679323696622e-3,3.398401972720947e-3,5.227731479581313e-3
par/131072,0.5577186534978905,0.5526267422880577,0.5632720487698054,1.2651877668090072e-2,6.388822897323702e-3,1.776465131543998e-2
