Name,Mean,MeanLB,MeanUB,Stddev,StddevLB,StddevUB
par/1024,4.041329989983533e-4,4.005948516605176e-4,4.065466639176256e-4,1.9826616967390892e-5,1.1355685127304205e-5,2.439702948660589e-5
par/2048,1.2313967019213984e-3,1.2037246438170468e-3,1.260698561262322e-3,1.7110312808922708e-4,8.427316173473732e-5,2.3419770455701845e-4
par/4096,3.568985788151474e-3,3.515909196485836e-3,3.603371098523492e-3,2.367378422504092e-4,1.8201183594162158e-4,3.002684176307571e-4
par/8192,1.0671108321919753e-2,1.0546079433681292e-2,1.076979676345609e-2,4.613013428147601e-4,3.7346612628693835e-4,5.279670595615782e-4
par/16384,3.8267777160930466e-2,3.8007519048983654e-2,3.862232549706524e-2,9.561843523275722e-4,7.028820824931943e-4,1.2610833674246572e-3
par/32768,0.10955590367545681,0.10872141312948742,0.1103377750546057,2.9293984885639564e-3,2.264265267836871e-3,4.0855742326599935e-3
par/65536,0.2506774459148529,0.24953927616328148,0.2516970958802236,3.572184598515166e-3,2.7825190062304088e-3,4.707432679819372e-3
par/131072,0.5197762210098053,0.5152806712293688,0.5220833743046014,7.228351685150974e-3,4.114241712853797e-3,8.947847913142909e-3
