Name,Mean,MeanLB,MeanUB,Stddev,StddevLB,StddevUB
par/1024,1.1557076199046694e-3,1.1473253557469888e-3,1.163716527607338e-3,3.8947971868917535e-5,2.457741475452423e-5,5.673980540417584e-5
par/2048,2.570767766299254e-3,2.5458042575971433e-3,2.58141619529827e-3,1.0153211054273109e-4,7.918033365996768e-5,1.2913067628540932e-4
par/4096,5.579283786771468e-3,5.527622664931666e-3,5.6270042177872515e-3,1.9938482044449773e-4,1.5325350772929072e-4,2.354524568842424e-4
par/8192,1.3152422090248998e-2,1.3032108906030586e-2,1.3215313064281848e-2,2.943561523341557e-4,2.0436465228856733e-4,5.231520323975619e-4
par/16384,4.4387924661945084e-2,4.3696640441185125e-2,4.4704419260134985e-2,1.557965726005658e-3,8.703270687200195e-4,2.943841103912441e-3
par/32768,0.13012834146701555,0.1295195746400158,0.13067305404233764,1.7422449554553212e-3,1.1486675691350365e-3,2.4068347758228956e-3
par/65536,0.30953051350183536,0.3084306148230433,0.31140286061730615,4.073948897141562e-3,3.2044002378574057e-3,5.4061029790831066e-3
par/131072,0.7583074518240265,0.7559073871884076,0.7603601365596512,4.562485400875856e-3,3.605068833107088e-3,5.838951332845527e-3
