Name,Mean,MeanLB,MeanUB,Stddev,StddevLB,StddevUB
par/1024,4.412808332672458e-4,4.382491000781591e-4,4.445898750998753e-4,2.2215927888386213e-5,1.7362510150943398e-5,2.8147306342402065e-5
par/2048,1.318472035573345e-3,1.2985884858012066e-3,1.3299092749667887e-3,1.0320956279507897e-4,7.698288859674777e-5,1.281288033620899e-4
par/4096,3.4190560152827093e-3,3.3283607521205237e-3,3.4566481569627324e-3,2.627960407915859e-4,1.9180390629455464e-4,3.0749112046482617e-4
par/8192,8.86044535574757e-3,8.750402104026899e-3,8.971899749422856e-3,5.620451047374111e-4,4.912896873410867e-4,6.340470972451661e-4
par/16384,3.0760582930213862e-2,3.034599994441599e-2,3.1043708802355727e-2,1.1292498625812856e-3,7.681122003129807e-4,1.4642832035692808e-3
par/32768,8.776234582191489e-2,8.689360497620977e-2,8.84067178626494e-2,2.65594644726238e-3,2.153368721779671e-3,3.4301716723973185e-3
par/65536,0.20952391352180558,0.20827903317534197,0.21067546009370441,3.2540847334366053e-3,2.634700736782263e-3,3.9849446182033685e-3
par/131072,0.4562995982225107,0.45324231969070305,0.4590870749452075,5.234477769475593e-3,2.9900550522976815e-3,7.686489554064945e-3
