Name,Mean,MeanLB,MeanUB,Stddev,StddevLB,StddevUB
par/1024,5.089504936270468e-4,4.991632394435563e-4,5.156017486703455e-4,5.966227077314105e-5,3.230717052563956e-5,7.282095527738532e-5
par/2048,1.5340991866385442e-3,1.5228216452997418e-3,1.5628416395054054e-3,9.384413883812729e-5,8.605263291839076e-5,1.0674005666444608e-4
par/4096,3.546123982646759e-3,3.5211046074823628e-3,3.5697996583022697e-3,2.0356274796958234e-4,1.5280639388878597e-4,2.2309821618325193e-4
par/8192,9.383593695012873e-3,9.308456535836673e-3,9.434124826813876e-3,3.489241560927078e-4,2.6097130369672346e-4,4.1082014342282055e-4
par/16384,3.193270550084832e-2,3.176112050376954e-2,3.2150351899055546e-2,7.262794128706127e-4,5.208450223562354e-4,9.545398648860687e-4
par/32768,8.578498042285775e-2,8.529561945602522e-2,8.605140488872708e-2,1.4279175459599664e-3,1.2329371536264288e-3,1.5609634543275346e-3
par/65536,0.2080207154509312,0.20727232464129824,0.20858920522000257,1.7945527029624175e-3,1.179742539578973e-3,2.0222934569076247e-3
par/131072,0.4818633893180786,0.48027840848634656,0.483118662987444,5.920170516427247e-3,2.3636789431445075e-3,7.61552815982605e-3
