Name,Mean,MeanLB,MeanUB,Stddev,StddevLB,StddevUB
par/10000,6.883100422206325e-3,6.868940456062672e-3,6.926943068150498e-3,1.3949700297879363e-4,1.3595141184019542e-4,1.4955274846921546e-4
par/20000,1.7707313164932056e-2,1.7594313546555333e-2,1.7773168944455905e-2,2.4047045510657003e-4,1.356999251857875e-4,3.340255400188734e-4
par/40000,4.679426109209961e-2,4.666763774418671e-2,4.701177474915676e-2,7.396148852387305e-4,6.973532726267054e-4,9.736606347366721e-4
par/80000,0.10886106651978128,0.10876391507312327,0.10899933135568951,3.428185046437718e-4,2.0389262300794846e-4,4.858912743039146e-4
par/160000,0.2460304018110037,0.24581565470434724,0.24674205272458494,1.7317040043342035e-3,6.264715422883169e-4,2.1827455116236994e-3
par/320000,0.5718030740390532,0.5694934735074639,0.5753416301449761,5.409357276186384e-3,7.680040316074901e-4,7.403941249581248e-3
par/640000,1.3184164620955319,1.3043878720685218,1.3471676631403775,3.34368456036496e-2,2.639006929063923e-2,3.709838732171811e-2
