Name,Mean,MeanLB,MeanUB,Stddev,StddevLB,StddevUB
par/10000,6.65883336843059e-3,6.632479822799752e-3,6.724662051053938e-3,1.9634781707666334e-4,1.929798703236651e-4,1.9847653488387756e-4
par/20000,1.7952668513392125e-2,1.7918215622578972e-2,1.7976333497818256e-2,1.300402074672905e-4,4.084488472612109e-5,1.7422721881585324e-4
par/40000,4.6276722891349466e-2,4.606986077433687e-2,4.638202297148142e-2,4.237178774995848e-4,3.157125732353122e-4,5.122391683194359e-4
par/80000,0.10651333495930192,0.10596064699286467,0.10695263442322217,1.2982638215226184e-3,2.540283238465664e-4,1.6944759060385992e-3
par/160000,0.24440624833727878,0.24218274395912887,0.24569205382838843,2.3309862491807565e-3,4.3927501214808466e-4,3.0071473644017158e-3
par/320000,0.5694464672318039,0.5652247291679184,0.5726164791655417,6.608974253936379e-3,1.1078059967173474e-3,8.019703234263242e-3
par/640000,1.2986127438683372,1.279790200603505,1.302375865886764,3.8636634676190836e-2,3.414079887794696e-2,4.346880168313733e-2
