Name,Mean,MeanLB,MeanUB,Stddev,StddevLB,StddevUB
par/10000,6.831817031431844e-3,6.810979954432652e-3,6.848575380681278e-3,1.0855213486630711e-4,9.638946363460182e-5,1.2062871670266855e-4
par/20000,1.8778615561521193e-2,1.8722826146325502e-2,1.8884668285493938e-2,3.0387320519833366e-4,1.8603198283749942e-4,3.8138653485304954e-4
par/40000,4.6038556321193816e-2,4.5707047992024796e-2,4.637303527011698e-2,7.958690844932734e-4,4.8494704591825266e-4,1.0402586580005593e-3
par/80000,0.10963759149052696,0.10927836858943381,0.10995649004197389,8.478654878630531e-4,3.769198466299661e-4,1.1640179180344358e-3
par/160000,0.2481965122045949,0.24796379460021853,0.24838979851920157,1.750739407588667e-3,5.382298385856099e-4,2.4079600056874755e-3
par/320000,0.5665152147315288,0.5605671698770797,0.5759081577125471,9.786218183020058e-3,5.6841261201329325e-3,1.163488119314712e-2
par/640000,1.3028173714604538,1.2734178786631674,1.3203514397221927,3.7428603088726885e-2,3.7428603088726885e-2,3.7428603088726885e-2
