Name,Mean,MeanLB,MeanUB,Stddev,StddevLB,StddevUB
par/10000,4.497965792743651e-3,4.342683360701878e-3,4.625647081131231e-3,6.411049482941407e-4,6.411049482941407e-4,6.411049482941407e-4
par/20000,1.2466836304376094e-2,1.2291095764744573e-2,1.3105838123695e-2,1.2776225850944024e-3,9.739701729315657e-4,1.3556742821301724e-3
par/40000,3.332501680101877e-2,3.248708400252433e-2,3.4078532022808396e-2,2.1226959821390163e-3,1.9579566540457987e-3,2.573235913534607e-3
par/80000,8.304300235347853e-2,8.182775946149218e-2,8.496631929931778e-2,4.490799755002182e-3,3.244496144691225e-3,5.347012226228234e-3
par/160000,0.2139542951843598,0.2109960295337563,0.21682754973622245,6.169210312567133e-3,3.2060256383853697e-3,7.351496788847288e-3
par/320000,0.5244873031333555,0.520786447217688,0.5276884812046774,1.0327474030846164e-2,6.971037480980158e-3,1.1455542902704495e-2
par/640000,1.2022975544581034,1.1823131426353939,1.2154722837925267,3.411854242351756e-2,3.0425734110919048e-2,3.42287021625759e-2
