Name,Mean,MeanLB,MeanUB,Stddev,StddevLB,StddevUB
par/10000,5.5085876735733764e-3,5.251373818313473e-3,5.801104994049643e-3,1.2914805547068612e-3,9.920028306082253e-4,1.5416106607183083e-3
par/20000,1.6259542209928438e-2,1.5531488318437536e-2,1.6827640065830405e-2,2.0442558187272414e-3,1.546660479889748e-3,2.6066785226464616e-3
par/40000,4.1366351746747805e-2,3.9064569043367595e-2,4.30871343460235e-2,3.805491096474695e-3,2.0478382616327846e-3,6.070091871762981e-3
par/80000,9.829012759395743e-2,9.492241957276645e-2,0.1021413400174222,9.016326404740715e-3,3.15155447499906e-3,1.3874903563202794e-2
par/160000,0.24340585926392425,0.23362268406432124,0.2468967130733654,1.2170914512291213e-2,3.7051972590334704e-3,1.450951766708837e-2
par/320000,0.6073579355240023,0.60410032250608,0.6096011614912034,6.4655372926574655e-3,5.0451203048218875e-3,7.523135011252201e-3
par/640000,1.3323581852115847,1.2675203137720625,1.3658835155268512,6.30095947387973e-2,2.557377224294924e-2,7.295797998085618e-2
