Name,Mean,MeanLB,MeanUB,Stddev,StddevLB,StddevUB
seq/10000,7.227391321330628e-3,6.978327037672133e-3,7.440811772707439e-3,8.040950398239962e-4,5.801781864862595e-4,1.1813462066726798e-3
seq/20000,1.9228157697012787e-2,1.8911106792204754e-2,1.934783551643685e-2,1.245584809829989e-3,1.050032347849272e-3,1.6121810645226065e-3
seq/40000,5.091796853712226e-2,4.957238240265408e-2,5.188813554646569e-2,2.320868956315116e-3,1.5577144497880373e-3,2.6482592350959384e-3
seq/80000,0.1297304389310219,0.12793175545430996,0.13337081369882936,4.4830086693482514e-3,3.266695255769447e-3,6.1799578688472995e-3
seq/160000,0.318355939614897,0.313178374292329,0.3221026567276567,6.121454290394297e-3,2.532152053461001e-3,7.618534343425273e-3
seq/320000,0.7937589778351443,0.7838447646645363,0.8086781188903842,2.335586057473573e-2,6.975451833568513e-4,2.827809570301649e-2
seq/640000,1.948571148182964,1.9133230270817876,1.9622585101460572,2.4507492401793052e-2,8.32165596612508e-3,2.542731068255411e-2
