Name,Mean,MeanLB,MeanUB,Stddev,StddevLB,StddevUB
par/10000,6.854351113444369e-3,6.849519556538914e-3,6.869162193702513e-3,7.551372300669398e-5,6.561162416160431e-5,8.973426068422741e-5
par/20000,1.764369268181815e-2,1.756616376774216e-2,1.7708073194927478e-2,2.3915144047558214e-4,2.3719635480416067e-4,2.977561081136678e-4
par/40000,4.407833729415416e-2,4.377817947591868e-2,4.444431672411587e-2,1.1585215812063559e-3,2.5090789073897593e-4,1.614689738289292e-3
par/80000,0.10594788363400101,0.10520551605207593,0.10662650721723779,1.8915918291311207e-3,1.340617211917105e-4,2.5467740639286978e-3
par/160000,0.244804705659238,0.24025270111858843,0.24768049439880996,4.816633710816505e-3,1.921537092965414e-3,5.758000311832455e-3
par/320000,0.5615034788497724,0.5559588874457404,0.5675644489238039,9.534326983642044e-3,4.904465627766552e-3,1.1605561478063464e-2
par/640000,1.2909026079675339,1.2713327485544141,1.3080555660708342,3.579721090902217e-2,2.7931239932678452e-2,3.881246712466391e-2
