Name,Mean,MeanLB,MeanUB,Stddev,StddevLB,StddevUB
par/10000,7.038946981392155e-3,6.99979489432022e-3,7.057230904484341e-3,8.508207233277333e-5,5.5757012495222835e-5,1.0224594282572923e-4
par/20000,1.9338838892175934e-2,1.926057419597199e-2,1.9382660440499036e-2,1.63095093131579e-4,1.1135064219062874e-4,2.1985392749297958e-4
par/40000,4.732084173766542e-2,4.7241265616769286e-2,4.740287483819094e-2,3.126239912422342e-4,2.160844389695229e-4,3.616850164442775e-4
par/80000,0.10880098943660164,0.10820033231198237,0.10952133521137059,1.415887926714845e-3,4.7150538183413125e-4,1.7917106732260326e-3
par/160000,0.24610496077220886,0.24582025394774973,0.24641446731984615,6.319952354524277e-4,3.458029020221004e-4,7.611046996716993e-4
par/320000,0.571398547035642,0.5653487589443102,0.5762310207355767,8.026468144439677e-3,4.195245170866923e-3,9.664947399869561e-3
par/640000,1.3185835355252493,1.2994847123045474,1.3451877105107997,2.5303248894700734e-2,2.7154593602954497e-3,3.207758485909852e-2
