Name,Mean,MeanLB,MeanUB,Stddev,StddevLB,StddevUB
par/10000,6.978807744734837e-3,6.965960303555292e-3,6.985377199774822e-3,4.050907859372188e-5,3.9912007155588466e-5,6.14084139942596e-5
par/20000,1.897033658674868e-2,1.8860757465702132e-2,1.9005541383799635e-2,2.0276080650220445e-4,7.875112352033009e-5,2.9166337132224563e-4
par/40000,4.667028787070331e-2,4.631459474078159e-2,4.681373958321604e-2,5.534871547912081e-4,3.4463762813895693e-4,8.06653614584877e-4
par/80000,0.10762649461517367,0.10760762688214769,0.10768185029380399,2.72850368683203e-4,2.5028904220727907e-4,2.8627143369562515e-4
par/160000,0.24335329458738367,0.24335329458738367,0.24335329458738367,9.029106868522193e-4,5.63894466177724e-4,1.0371912449757949e-3
par/320000,0.5604887553684724,0.5587144950016713,0.5611853247586017,2.927973628470192e-3,3.2160043095530444e-5,3.475227478874934e-3
par/640000,1.264497036036725,1.2633574732074826,1.2646801503724419,4.233305920033097e-3,2.191350093829168e-3,4.264733870513737e-3
