Name,Mean,MeanLB,MeanUB,Stddev,StddevLB,StddevUB
par/10000,7.037707392815444e-3,7.002499442428843e-3,7.0652020401362845e-3,8.175465233984741e-5,7.783448554152699e-5,8.365816614035467e-5
par/20000,1.876544775142017e-2,1.8698944367881113e-2,1.886921756397785e-2,3.910221786579831e-4,3.5731862108875846e-4,4.288520446837553e-4
par/40000,4.529359126176496e-2,4.4201816013197504e-2,4.579277978330244e-2,1.3523368565502678e-3,7.059239797271945e-4,2.0151410366466335e-3
par/80000,0.10739255761758487,0.10687277256412599,0.10770570565127181,8.009035301754781e-4,4.845560691389561e-4,1.0112867739109999e-3
par/160000,0.24637183457923434,0.24552156242231526,0.24776604169048372,1.524018360719534e-3,6.722931598500075e-4,1.831229637164013e-3
par/320000,0.5695258937291025,0.5653115266468376,0.576603520225035,9.079417885389456e-3,3.3033600387473716e-3,9.173950107454537e-3
par/640000,1.3073427671430788,1.2926678876780595,1.3375165438919794,3.556329044395605e-2,2.8336272652571437e-2,3.755769714344284e-2
