Name,Mean,MeanLB,MeanUB,Stddev,StddevLB,StddevUB
par/10000,5.452911574839957e-3,5.296981732975996e-3,5.526863830502357e-3,1.2259964224648654e-3,8.242513157991888e-4,1.3050188423714163e-3
par/20000,1.5817910160626215e-2,1.5062444144144952e-2,1.622897730632127e-2,1.9042655249048585e-3,1.144974748210455e-3,2.4372875956763162e-3
par/40000,3.798245556841872e-2,3.737748028441929e-2,3.938456720455732e-2,2.8901453287656234e-3,1.5261644291902948e-3,3.7735709586429775e-3
par/80000,8.894079963536194e-2,8.780023681132922e-2,9.173912560389866e-2,4.9781587066279704e-3,2.7258625574373154e-3,5.525634487173721e-3
par/160000,0.23042602373882093,0.22530040117239372,0.23326748200795713,5.673645884550572e-3,2.825772477525531e-3,7.675422561497021e-3
par/320000,0.5704832142412973,0.5685328019899316,0.572433626492663,4.187563918843544e-3,4.002266064339e-3,4.187563918843544e-3
par/640000,1.3034954404477805,1.2616001891437918,1.3395822357560974,4.5072963680193256e-2,3.77062300503543e-2,4.775946100765167e-2
