Name,Mean,MeanLB,MeanUB,Stddev,StddevLB,StddevUB
par/10000,6.793904320831697e-3,6.754168264492021e-3,6.81648034662626e-3,1.6859854381685814e-4,1.3962675894585636e-4,1.9764082357315218e-4
par/20000,1.7710515333844903e-2,1.767607252771364e-2,1.777099654862889e-2,1.8524772141355984e-4,7.694515564466922e-5,2.4927845058513265e-4
par/40000,4.6463583915771524e-2,4.629828481191637e-2,4.6670946271856716e-2,7.114031322718869e-4,3.34713407802816e-4,8.636327608184208e-4
par/80000,0.10889997643677722,0.10851539605185455,0.10919781386919197,5.589119910578893e-4,5.02012547707281e-4,6.852798529689043e-4
par/160000,0.24458260489162056,0.24224384108092636,0.24543961337301878,2.7306640734275907e-3,5.200041873641751e-4,3.4892697649940084e-3
par/320000,0.5702198802609928,0.5664919710252434,0.5739477894967422,6.569498108151112e-3,6.784316560437542e-4,7.812099387323361e-3
par/640000,1.2976107217255048,1.2643516068346798,1.329048792773392,4.0099158710190486e-2,3.797381700564899e-2,4.0099158710190486e-2
