Name,Mean,MeanLB,MeanUB,Stddev,StddevLB,StddevUB
par/10000,5.14113982701973e-3,5.015391259843676e-3,5.3183874758828e-3,9.086100064915551e-4,7.117345651701382e-4,1.0238317409282218e-3
par/20000,1.5089062535502733e-2,1.4681301808423457e-2,1.536817897249056e-2,1.84822157462366e-3,1.4881457823602172e-3,2.2245468707962567e-3
par/40000,3.6888179264986436e-2,3.598274463403152e-2,3.868609360049616e-2,3.700863506611631e-3,1.8178406531253678e-3,5.0336077503308025e-3
par/80000,8.517356642366697e-2,8.132015319618707e-2,8.736798556754366e-2,4.882460616758139e-3,4.33143384496071e-3,5.274901610533076e-3
par/160000,0.21883827790669683,0.21716602680842498,0.2234335493865526,7.232588531770909e-3,4.081911973079722e-3,9.89393098345277e-3
par/320000,0.55102981327218,0.5474700353224762,0.5539717496139929,6.633100881283453e-3,4.923291159676648e-3,6.808081868540008e-3
par/640000,1.227912992821075,1.2110415733768605,1.2447844122652896,2.80610875699648e-2,1.8665050895142792e-2,3.192727058066354e-2
