Name,Mean,MeanLB,MeanUB,Stddev,StddevLB,StddevUB
par/10000,4.575128847866216e-3,4.4211256237671045e-3,4.597856261457759e-3,7.84384539547064e-4,6.674260092645382e-4,9.014744182768509e-4
par/20000,1.3157661921593573e-2,1.28123507067856e-2,1.340392471699487e-2,1.1120744780682027e-3,6.47423481873076e-4,1.5649294732803512e-3
par/40000,3.2621367680102126e-2,3.2170623804787676e-2,3.3164981682598293e-2,1.804929039172303e-3,1.5160730326416784e-3,2.0849907359237014e-3
par/80000,7.707358676058773e-2,7.494038662446353e-2,7.792935724032023e-2,3.974701060655287e-3,3.6626968074695786e-3,4.763129624236657e-3
par/160000,0.20654496576818118,0.20299554717752874,0.2109100768678925,8.126015738289695e-3,8.011855343781973e-3,1.1058049904589145e-2
par/320000,0.50572360358395,0.5037390056531876,0.5131542869106246,7.128889437967413e-3,4.0635535130937855e-3,7.5176768195616495e-3
par/640000,1.1439673178829253,1.1172225483460352,1.1439673178829253,2.8823903014945054e-2,2.5134797381053384e-2,2.8823903014945054e-2
