Name,Mean,MeanLB,MeanUB,Stddev,StddevLB,StddevUB
seq/10000,1.0735153718965187e-2,1.0549138794173789e-2,1.133817114816504e-2,1.4603360330760116e-3,9.783748654629972e-4,1.6805023335403522e-3
seq/20000,2.7214505837533036e-2,2.5642696001923447e-2,2.8311252102726583e-2,2.413083511901027e-3,1.7228379866688825e-3,2.764895823720354e-3
seq/40000,6.42919813814621e-2,6.344378340188234e-2,6.59513748127431e-2,2.9405524759847776e-3,1.9050326056716455e-3,4.340818303590662e-3
seq/80000,0.15582744746950464,0.14292244092073467,0.16185332552156076,9.603015978157587e-3,5.882749116208128e-3,1.2494156909245414e-2
seq/160000,0.34245124416581046,0.3299813725752756,0.36063314004180336,2.2511570672651634e-2,1.6517261315640568e-2,2.631951995626233e-2
seq/320000,0.8675535769434646,0.8633640493499115,0.8740807053400204,1.5501639293650967e-2,3.525687845608236e-4,2.082478394319376e-2
seq/640000,2.0803413596004248,2.064297496341169,2.1018817879376,4.0196225048763905e-2,1.0629562015321121e-2,4.900359362477069e-2
