Name,Mean,MeanLB,MeanUB,Stddev,StddevLB,StddevUB
par/10000,6.558831932324844e-3,6.427282898651071e-3,6.706551990191056e-3,7.953751279271177e-4,7.778608827422683e-4,9.536052271590454e-4
par/20000,1.8337531551546677e-2,1.7924844871988373e-2,1.8546534294601024e-2,1.215344098494032e-3,1.0594581218884489e-3,1.4469629735421833e-3
par/40000,4.6464156575566073e-2,4.6421531629190625e-2,4.725567960733309e-2,2.077708009968619e-3,1.8602754875889991e-3,2.4778585964759917e-3
par/80000,0.12671346714258627,0.1253762418682094,0.13057387344077662,6.838977162112521e-3,5.4297532990490475e-3,8.580362245878652e-3
par/160000,0.3308048273281505,0.3237493249277274,0.3374521895311773,1.0729565304429086e-2,8.864765167337758e-3,1.3065228048422715e-2
par/320000,0.8456943603523541,0.8361318034876604,0.8552569172170479,1.7652668918412825e-2,5.140479579866686e-3,2.2083779119888187e-2
par/640000,2.096109841882329,2.080513741549415,2.111726443380273,2.6597253794164305e-2,2.567547628515627e-2,2.6604066018331825e-2
