Name,Mean,MeanLB,MeanUB,Stddev,StddevLB,StddevUB
par/10000,6.938452109369334e-3,6.911207851487025e-3,6.951021840774069e-3,6.236780604802923e-5,5.833160093417974e-5,6.509091652226909e-5
par/20000,1.873164863901106e-2,1.8592796883222747e-2,1.8842309522097454e-2,3.984560748575374e-4,3.4544237344038225e-4,4.566491107143265e-4
par/40000,4.580125331832656e-2,4.555220954157164e-2,4.627944720468201e-2,7.913191511244207e-4,6.150328530665272e-4,1.0326749546089216e-3
par/80000,0.10973124278401726,0.10959383613217254,0.10995929679893716,4.7632165290935135e-4,4.231657439880102e-4,5.161248001284271e-4
par/160000,0.24745273468550294,0.24721117656677963,0.24782159531023354,6.246329875703189e-4,1.746110880612655e-4,7.653368185433837e-4
par/320000,0.5698575730784796,0.561849768855609,0.573190062539652,9.306701949551523e-3,5.1465010889933435e-3,1.1074098576893194e-2
par/640000,1.2976858650605816,1.2823123046546243,1.3214209441794083,3.0171339710193486e-2,1.4705815528189427e-2,3.5503716955129494e-2
