Name,Mean,MeanLB,MeanUB,Stddev,StddevLB,StddevUB
par/10000,6.91362998602608e-3,6.901472047980414e-3,6.934265719019132e-3,1.0303191426624813e-4,8.494570072078968e-5,1.2664992401339997e-4
par/20000,1.850509728517085e-2,1.835891374602335e-2,1.879104133645802e-2,8.291707612022103e-4,7.363123949491936e-4,8.458505696005031e-4
par/40000,4.640200968656881e-2,4.5896852138407884e-2,4.6733332139188045e-2,8.726895089131384e-4,4.65605346092246e-4,1.2085377317769901e-3
par/80000,0.10657659072939772,0.10580665133466428,0.10725595188373124,2.001226751784509e-3,3.0729913315648847e-4,2.7194585816221173e-3
par/160000,0.24877651950499663,0.2475896550963322,0.24971343162935228,1.7633350826028334e-3,7.683125354317887e-4,2.0724358409765806e-3
par/320000,0.573409388132859,0.5685306143714115,0.5790951388771646,9.428709170199424e-3,1.613953965716064e-3,1.1293379680298123e-2
par/640000,1.292051219837352,1.262056240462698,1.3251631797562973,3.868063984913649e-2,3.653949552367319e-2,3.868063984913649e-2
