Name,Mean,MeanLB,MeanUB,Stddev,StddevLB,StddevUB
par/1024,8.256984621954391e-4,8.1361658178847e-4,8.449273466598458e-4,5.119198951022022e-5,3.036322349690061e-5,8.134168343165542e-5
par/2048,1.6901327214730924e-3,1.6557488637781528e-3,1.7022318306322806e-3,1.0782813249628903e-4,8.584385241681161e-5,1.4127559446137615e-4
par/4096,3.8290380249178576e-3,3.788560848994337e-3,3.9063277788878754e-3,2.654813538201611e-4,2.2251159368870318e-4,2.982179112486081e-4
par/8192,9.772393491018634e-3,9.680612905142216e-3,9.896551632569115e-3,5.44903295255076e-4,4.5523445738246957e-4,6.90527054000425e-4
par/16384,1.981724506456536e-2,1.9584358690822975e-2,1.9982831987095627e-2,8.805474616304954e-4,7.832395228585278e-4,1.0310610760068564e-3
par/32768,4.1257154217678865e-2,4.0558193937641956e-2,4.20004057945398e-2,2.3345752060366077e-3,1.5559511807731606e-3,2.8448779752557806e-3
par/65536,9.846213408751354e-2,9.723695482258837e-2,9.971785534678392e-2,3.6355694216670042e-3,2.5341983101325825e-3,4.578454231887061e-3
par/131072,0.2972426414697417,0.295251488741287,0.29852596328993164,4.475590444006587e-3,3.3097206421422326e-3,5.404281755428414e-3
