Name,Mean,MeanLB,MeanUB,Stddev,StddevLB,StddevUB
par/1024,1.098340664103743e-3,1.0810524194307292e-3,1.1336696215240292e-3,1.105065779494737e-4,1.0380105972610754e-4,1.262215568070432e-4
par/2048,1.6300255232654147e-3,1.6072543162636527e-3,1.6479078670920432e-3,1.500794824847644e-4,8.116581656361687e-5,1.7334971466693324e-4
par/4096,3.966376888096654e-3,3.9119696727153985e-3,3.998390418573286e-3,2.1207025733193755e-4,1.7814789846838742e-4,2.44854552873859e-4
par/8192,1.045183650036953e-2,1.0290043141058143e-2,1.0683302988296797e-2,5.762539602223911e-4,4.6312288903508313e-4,7.46475890277719e-4
par/16384,2.1558738560858097e-2,2.1353061253689517e-2,2.1758412844003417e-2,8.168154842463607e-4,5.41554319714044e-4,1.0339487254900578e-3
par/32768,4.578757843047189e-2,4.527701413506178e-2,4.620245719183191e-2,1.174934066315516e-3,9.249923684039536e-4,1.4000303398347036e-3
par/65536,0.11467280200791816,0.11325410765010845,0.11530011629905877,3.8198958488622607e-3,1.4715688228462442e-3,5.990815651311584e-3
par/131072,0.3472332177465214,0.34490631065715066,0.3502558400444479,5.55998732790165e-3,4.093568204838249e-3,6.89213154194313e-3
