Name,Mean,MeanLB,MeanUB,Stddev,StddevLB,StddevUB
par/1024,9.602862964621634e-4,9.474907517390579e-4,9.678836704185856e-4,8.197305230627733e-5,7.138620500713221e-5,9.173394463808719e-5
par/2048,1.658688047485141e-3,1.6437623100885382e-3,1.6815709263443192e-3,1.3599068982345628e-4,9.596911684241285e-5,1.6598661987941797e-4
par/4096,3.9863672017391135e-3,3.939749901250307e-3,4.039311273907587e-3,2.3316825822306193e-4,1.355546919703338e-4,3.247262753845175e-4
par/8192,1.0293531144118918e-2,1.023857512343349e-2,1.0371291145476975e-2,4.153876926741601e-4,3.3811162222522175e-4,4.812650481164651e-4
par/16384,2.107980806082523e-2,2.094189417463857e-2,2.1208229841020946e-2,5.807028246087489e-4,5.15998037641678e-4,7.046393056664123e-4
par/32768,4.403174689436518e-2,4.353081709202049e-2,4.44158335868316e-2,1.22643196934397e-3,1.0228308951577736e-3,1.6721771757730105e-3
par/65536,0.10826121183092575,0.10688672165483594,0.10911392999383827,2.8784062905400465e-3,1.668170568783017e-3,4.098231392712248e-3
par/131072,0.3298579418926884,0.32890683387000197,0.33204376197152835,4.2392745071848665e-3,2.808647260432706e-3,5.76332353318234e-3
