Name,Mean,MeanLB,MeanUB,Stddev,StddevLB,StddevUB
par/1024,1.4384719970287894e-3,1.4243323956640117e-3,1.4557221388004798e-3,7.412470676843967e-5,2.8242811860682182e-5,1.0334767286220868e-4
par/2048,1.933265573638873e-3,1.9093417270211232e-3,1.9534529332881e-3,2.5169759739803463e-4,1.7660471194042203e-4,3.2842441802264185e-4
par/4096,4.182042872802657e-3,4.103492852880687e-3,4.308770780044442e-3,5.394606804496878e-4,3.4845312625651916e-4,8.901588664951874e-4
par/8192,1.1862729686175643e-2,1.169464979981625e-2,1.2035956952941162e-2,9.303575702404021e-4,6.095049000898467e-4,1.1901779835936557e-3
par/16384,2.510977495714515e-2,2.43639383616617e-2,2.712829927339042e-2,3.8292054184201896e-3,1.1167020451416602e-3,7.712790839406879e-3
par/32768,5.387543665721602e-2,5.318209081414911e-2,5.4945329186941616e-2,3.336845011357215e-3,2.2776065272502436e-3,4.057550733510084e-3
par/65536,0.13910785175024162,0.1374643784517476,0.14071339431773625,4.929052545368454e-3,3.274742057266559e-3,6.073888614965621e-3
par/131072,0.41621003442661875,0.41013963992351105,0.4221308520641836,1.215908244339788e-2,8.489619794053042e-3,1.6250543635780258e-2
