Name,Mean,MeanLB,MeanUB,Stddev,StddevLB,StddevUB
par/1024,1.5502914355242392e-3,1.5390162855179192e-3,1.5658163598966889e-3,6.834492033655337e-5,5.701161964617817e-5,9.010260866581752e-5
par/2048,2.9468854789310643e-3,2.9244573300172727e-3,2.968154389176196e-3,1.270187547881909e-4,1.0476504639037597e-4,1.487783571758277e-4
par/4096,6.012506190466902e-3,5.96449391684226e-3,6.05859452695772e-3,1.8233832788648214e-4,1.3187265923129824e-4,2.609366166848015e-4
par/8192,1.4370967349442059e-2,1.4268326403271596e-2,1.4476712531112927e-2,3.4520798347795824e-4,3.0005947468771907e-4,3.777472310826371e-4
par/16384,2.9296634350748856e-2,2.911452763790377e-2,2.9512315475545788e-2,6.459238290209933e-4,5.614655456310182e-4,7.315813433164148e-4
par/32768,6.540850976135316e-2,6.516967251554823e-2,6.572408735922639e-2,1.1016028412876263e-3,8.822768479672556e-4,1.338054811138846e-3
par/65536,0.15385286178655808,0.15319952922812555,0.15448886025125674,1.978983580389396e-3,1.435087145299693e-3,2.430759016330269e-3
par/131072,0.47946273579599935,0.47549451929040426,0.48509553047446424,8.275430706872724e-3,6.099723108266226e-3,1.1501310068459463e-2
