Name,Mean,MeanLB,MeanUB,Stddev,StddevLB,StddevUB
par/1024,9.776455398727076e-4,9.616280971794601e-4,9.91280312536854e-4,6.466046711009685e-5,4.7563879844549985e-5,7.722186811856694e-5
par/2048,2.1342459112829036e-3,2.1114874039435236e-3,2.142799316002339e-3,8.897752591776432e-5,7.263245131846863e-5,9.794762413398317e-5
par/4096,4.578356308047374e-3,4.545769731029918e-3,4.616182289358992e-3,1.5436023316156813e-4,1.277725490062357e-4,1.8363052812185362e-4
par/8192,1.137222520838884e-2,1.1283919115948213e-2,1.1421562189714893e-2,2.835618453338119e-4,1.8552991194778376e-4,3.8235893902292725e-4
par/16384,2.3363149187446645e-2,2.3218083860393982e-2,2.345621267375635e-2,4.5057094974649506e-4,3.470248641481636e-4,5.369959129997376e-4
par/32768,4.944235749815877e-2,4.931106014823911e-2,4.959554535709738e-2,7.421026596858555e-4,6.748832560516614e-4,9.737361238237134e-4
par/65536,0.11759697768000674,0.11698317904122356,0.11785279584204626,1.6367584975518514e-3,1.1565228245918673e-3,1.882442541570533e-3
par/131072,0.3417917196652709,0.3408464653889536,0.3431573129887264,4.567552675180936e-3,2.863690522399645e-3,6.1035434056039145e-3
