Name,Mean,MeanLB,MeanUB,Stddev,StddevLB,StddevUB
par/10000,9.33865132921567e-3,9.29023966794664e-3,9.811632946982967e-3,1.0701731598720503e-3,6.455156105804064e-4,1.5627644113880284e-3
par/20000,1.7762337841744236e-2,1.7470018402988577e-2,1.846403570238105e-2,1.2326253670233596e-3,1.0081628649623654e-3,1.6820916667948213e-3
par/40000,3.8965657247454585e-2,3.852904943237593e-2,3.913645247649888e-2,2.401268328054731e-3,1.6175055148429942e-3,2.694709941967596e-3
par/80000,9.469673886104295e-2,9.167416230208739e-2,9.854414296390676e-2,7.124097765350113e-3,2.9038997692324613e-3,9.085115866469236e-3
par/160000,0.20712662597005774,0.19644553187148026,0.2261080917928161,2.2249837528123474e-2,2.0595165952424388e-2,2.361145391150122e-2
par/320000,0.4670876987123241,0.4569828069070354,0.47893675059701,1.9625108007939193e-2,1.9353380431321503e-2,1.968817266381685e-2
par/640000,1.0804850449882604,1.056382349440052,1.1026372063497547,5.1191829897309325e-2,2.3343137064403476e-2,6.013474222377137e-2
