Name,Mean,MeanLB,MeanUB,Stddev,StddevLB,StddevUB
par/10000,1.4168748093992834e-2,1.4115606271236912e-2,1.4221955856555607e-2,1.8636482344217635e-4,1.669344521743667e-4,2.1790682694112126e-4
par/20000,2.1550028112030762e-2,2.1396440509642012e-2,2.1718842516209518e-2,8.26762531447716e-4,3.791051595180721e-4,9.552378411763331e-4
par/40000,3.8288406381831355e-2,3.8018397636881376e-2,3.83969123871928e-2,1.3444900607348606e-3,1.143198964838854e-3,1.4007663563562547e-3
par/80000,7.660715043903255e-2,7.61672497822696e-2,7.693876760313287e-2,5.355664484129764e-4,3.0930858894162545e-4,6.367205587266076e-4
par/160000,0.1698988108981249,0.16868459813132072,0.17114336482838405,3.1384312889764115e-3,7.946354600116786e-4,3.924935497239584e-3
par/320000,0.38151032439782284,0.37830741330981255,0.3848500971507747,5.003916374746411e-3,1.6885597142390907e-3,5.772132822670233e-3
par/640000,0.8670328351921247,0.8620911379499983,0.8726969704730436,6.730714505232722e-3,0.0,8.21676589326307e-3
