Name,Mean,MeanLB,MeanUB,Stddev,StddevLB,StddevUB
par/10000,8.937992773351196e-3,8.651538635529322e-3,9.26210942475775e-3,1.3482222445006e-3,1.140438507796786e-3,1.6139822021474654e-3
par/20000,1.4584610536419955e-2,1.4212015617813656e-2,1.5021895277843953e-2,1.914017311306484e-3,7.976266970276837e-4,2.222942246218199e-3
par/40000,2.704097992097063e-2,2.672470646965583e-2,2.7390444554839046e-2,2.3786880563874e-3,1.773806306442677e-3,2.9901795499067073e-3
par/80000,5.409457581314811e-2,5.3431351077902076e-2,5.581682745854271e-2,5.369931675623373e-3,4.359504371595721e-3,6.122727829628316e-3
par/160000,0.11439230006071739,0.11238494773375957,0.11711600046643676,5.670660589307862e-3,3.8888670043349953e-3,7.03267171148598e-3
par/320000,0.28158006351596365,0.27354150743534167,0.28641300263038527,1.231609958226496e-2,9.130217373929545e-3,1.4048084488436117e-2
par/640000,0.6588493934638487,0.6423045816482045,0.6800675407284871,2.800791668422959e-2,1.6487306341110647e-2,3.308962363128859e-2
