Name,Mean,MeanLB,MeanUB,Stddev,StddevLB,StddevUB
par/10000,9.863256974417178e-3,9.818018593636858e-3,9.892832269697095e-3,3.476977462248083e-4,2.5491573735034087e-4,4.1455265270498527e-4
par/20000,1.2809353445794038e-2,1.2801907103823333e-2,1.2841078325218823e-2,1.324536358702706e-4,1.1962774184172497e-4,1.4530577629528256e-4
par/40000,2.0775162410998624e-2,2.071632843255377e-2,2.0874560165469035e-2,2.588458938300808e-4,2.0410910741945897e-4,3.9925822793830944e-4
par/80000,4.0222922815881676e-2,3.9925062055675746e-2,4.0501311305444224e-2,1.1528833532414764e-3,5.895691305427635e-4,1.5207050819703136e-3
par/160000,8.228300527384919e-2,8.124153798911721e-2,8.352925128096508e-2,2.4299048716344917e-3,2.0691065147073564e-3,3.0388512513914922e-3
par/320000,0.16766175952467585,0.16392663237638772,0.16926468549403964,3.4729306652460223e-3,2.093441124029626e-3,4.760168017564574e-3
par/640000,0.34341250812091556,0.33959145393843454,0.34882624685997143,6.353539931892931e-3,3.361961963892222e-3,7.453752219026848e-3
