Name,Mean,MeanLB,MeanUB,Stddev,StddevLB,StddevUB
par/10000,8.683461141787788e-3,8.611772599393972e-3,8.79386920142722e-3,5.424683374794145e-4,5.120495689785609e-4,5.610670560724975e-4
par/20000,1.2463624089031572e-2,1.2431700225671517e-2,1.2585114708430812e-2,3.38858309931506e-4,2.9927252310401405e-4,3.649612261353835e-4
par/40000,2.1439994621712803e-2,2.135942487008646e-2,2.152381575297742e-2,2.710517355233929e-4,2.372585712335555e-4,3.2552345513081865e-4
par/80000,4.251636760575562e-2,4.229150623525594e-2,4.295065917912757e-2,9.522318872069704e-4,5.405344568411875e-4,1.1171783063201135e-3
par/160000,8.605978306392134e-2,8.512113577708424e-2,8.722686021477871e-2,2.3286597495337518e-3,2.3286597495337518e-3,2.3286597495337518e-3
par/320000,0.18042240573947008,0.18020387106419852,0.18180611598460625,3.107086589277369e-3,2.9445117093994085e-3,3.663311211170568e-3
par/640000,0.3715417773637455,0.36940514959860593,0.3738265293650329,4.169990742697968e-3,6.947581286296891e-4,4.363000460683353e-3
