Name,Mean,MeanLB,MeanUB,Stddev,StddevLB,StddevUB
par/10000,7.99026247071019e-3,7.783204914019659e-3,8.212273488521021e-3,1.2063921406801888e-3,8.853431019173154e-4,1.2682076553904413e-3
par/20000,1.370335331890638e-2,1.370335331890638e-2,1.370335331890638e-2,1.5570081675722917e-3,1.1046632587691622e-3,2.0481364340447015e-3
par/40000,2.639708098076947e-2,2.512126284339379e-2,2.782051657593784e-2,2.824022208379877e-3,2.3489514440901684e-3,3.591653746025414e-3
par/80000,5.12870277530194e-2,4.951689818676703e-2,5.2918809214081174e-2,5.007704832804591e-3,3.338208857979203e-3,5.73488552881517e-3
par/160000,0.11088246972096026,0.10773197707883946,0.11580036445175884,9.080114651299147e-3,8.691460155566107e-3,1.1330029651948284e-2
par/320000,0.2600193869570891,0.256315422259892,0.2626231069210917,7.071499071950035e-3,6.755982074543896e-3,7.549053012657364e-3
par/640000,0.6024984304773776,0.5892131494474597,0.6257965982852813,3.153465934463738e-2,1.7563300011970404e-2,3.50012771315203e-2
