Name,Mean,MeanLB,MeanUB,Stddev,StddevLB,StddevUB
par/10000,7.147283569516422e-3,6.851023919957274e-3,7.21412667938447e-3,8.146233780922162e-4,5.250676624250998e-4,1.1188498782406721e-3
par/20000,1.3179613319110583e-2,1.285403545094498e-2,1.3384253621358927e-2,1.2610964425618983e-3,1.0351619574447443e-3,1.5041426780764006e-3
par/40000,2.6495246431670966e-2,2.6160051432296383e-2,2.7114746655932394e-2,1.4618086361702616e-3,7.590983695649135e-4,1.7453330849953996e-3
par/80000,5.6976542618228036e-2,5.676696326221834e-2,5.809155473595733e-2,4.621967501319399e-3,4.251580911629274e-3,5.028789984335813e-3
par/160000,0.12281769445336457,0.11762482620820049,0.12763967363765308,1.0106471772441365e-2,3.4446949841129785e-3,1.2652385081214077e-2
par/320000,0.30293237695625674,0.30113666253785293,0.3063564192891742,6.725132410653165e-3,4.830332434456245e-3,7.685130107754652e-3
par/640000,0.6549306491215248,0.6413384455954656,0.6585777415893972,2.359757882869724e-2,2.3017001689469317e-2,2.564493301373096e-2
