Name,Mean,MeanLB,MeanUB,Stddev,StddevLB,StddevUB
par/10000,9.90043760004777e-3,9.709597334979246e-3,1.0312128852795657e-2,1.56585352184517e-3,1.2357480149683127e-3,1.9297195804206574e-3
par/20000,1.5455025426451779e-2,1.515041654200505e-2,1.6019888243657177e-2,2.045246191444688e-3,2.011783054537543e-3,2.2128445929041514e-3
par/40000,2.7916416815896277e-2,2.7255976969335877e-2,2.8581948772606988e-2,2.2301148907248347e-3,1.381704117563548e-3,2.7496845988305915e-3
par/80000,5.7339289364518764e-2,5.601794833688987e-2,5.923005843845506e-2,4.819667430401948e-3,3.2972453039860953e-3,5.950446023167079e-3
par/160000,0.12158241254302474,0.11853494189147439,0.12267666110710707,7.34489663546846e-3,2.099919366408275e-3,1.0642551428303618e-2
par/320000,0.291104993307963,0.288819415634498,0.29296469286084176,5.038055800067246e-3,9.136328750291916e-4,6.44646084063815e-3
par/640000,0.7075905659100196,0.7004847258601027,0.7123460840181602,1.1823373777476037e-2,5.475650163399159e-3,1.3495568963634096e-2
