Name,Mean,MeanLB,MeanUB,Stddev,StddevLB,StddevUB
par/10000,7.25242751031288e-3,7.045851623600462e-3,7.486386055197112e-3,1.2606987467497814e-3,1.1124246472006545e-3,1.4103344627302515e-3
par/20000,1.2811364170288601e-2,1.264511337975707e-2,1.3338095186279998e-2,1.5088471850725983e-3,1.3144565910548636e-3,1.6818498420736784e-3
par/40000,2.4481759212127797e-2,2.425705535367661e-2,2.4604184986518705e-2,2.8142563930421264e-3,1.8087033151962836e-3,3.210306757380174e-3
par/80000,5.0941199181882876e-2,4.861225317595647e-2,5.344925053799764e-2,4.951342229184614e-3,2.9403078336327835e-3,6.494650568637415e-3
par/160000,0.10558892051998126,0.10272469577552813,0.109134138318894,6.608369767620926e-3,6.181944218044033e-3,8.043347676628097e-3
par/320000,0.263985924089017,0.25681910202062375,0.278903839426736,1.8783682481882825e-2,1.782338588817988e-2,1.9988064604642006e-2
par/640000,0.5884899648275072,0.5740258252383986,0.5893574889341835,2.904196313152469e-2,3.270045691751041e-3,3.348465081377389e-2
