Name,Mean,MeanLB,MeanUB,Stddev,StddevLB,StddevUB
par/10000,6.620267874134679e-3,6.4054215569743205e-3,6.758434902728615e-3,1.0525905645024389e-3,9.19982868285973e-4,1.1381877935261752e-3
par/20000,1.1660545236453686e-2,1.1364688388131894e-2,1.1876774981973896e-2,1.3380374863568246e-3,1.0305585489778074e-3,1.5929542210775206e-3
par/40000,2.4671143284430364e-2,2.435342924271423e-2,2.5478751168930627e-2,2.3420185709033333e-3,1.4212396768754352e-3,3.180799839872569e-3
par/80000,4.914618768890721e-2,4.8015231228696546e-2,5.091908723647795e-2,6.030805530136016e-3,3.636990692941844e-3,7.3684410321724235e-3
par/160000,9.882988408610317e-2,9.737550909717188e-2,0.1030047666264215,9.766094936964868e-3,4.851101868229354e-3,1.1514135477283208e-2
par/320000,0.2330609189061862,0.22874674889155558,0.23632110056674316,6.007985663255618e-3,4.697487716107227e-3,6.075978664519892e-3
par/640000,0.5732068594855567,0.5499782962724566,0.5897976228734478,2.3464191811507655e-2,5.619627175401938e-3,3.065293190937585e-2
