Name,Mean,MeanLB,MeanUB,Stddev,StddevLB,StddevUB
par/10000,1.0419334244390023e-2,1.0334851860658993e-2,1.0508957777033411e-2,3.6826565141840885e-4,2.762755852619349e-4,4.086290400154536e-4
par/20000,1.5113752198442099e-2,1.4992661899615898e-2,1.5361292435824746e-2,5.494446160610976e-4,4.2212146805566917e-4,8.159988386350822e-4
par/40000,2.6364215590200576e-2,2.6364215590200576e-2,2.6364215590200576e-2,3.939045485558256e-4,3.4496496738624485e-4,4.5637216764223525e-4
par/80000,5.676053924515131e-2,5.6349480635516896e-2,5.735826166721001e-2,1.6955282840305885e-3,1.4196688787897122e-3,1.9987450856821846e-3
par/160000,0.11792531169804057,0.11694610766647938,0.11828816364314185,2.4225990815701986e-3,1.979013177653952e-3,3.04646117453604e-3
par/320000,0.24528690482179324,0.2443112773851802,0.24713334755040703,4.130355201323379e-3,4.060909297008211e-4,5.724420387291723e-3
par/640000,0.5309243097726721,0.5282460952003021,0.5309243097726721,6.371891619206404e-3,5.356429144740105e-3,8.286530018549275e-3
