Name,Mean,MeanLB,MeanUB,Stddev,StddevLB,StddevUB
par/10000,8.408860428066073e-3,8.352622753134038e-3,8.455489641675014e-3,2.688411536481351e-4,2.455835551918606e-4,3.206450379349224e-4
par/20000,1.2433221197761907e-2,1.2358809285880885e-2,1.2574772393730163e-2,5.646001195120428e-4,4.700754093535695e-4,6.877915179925348e-4
par/40000,2.2984880083388077e-2,2.2817400032400938e-2,2.3178868197259533e-2,5.508939268554578e-4,3.748644363163393e-4,7.260589336379453e-4
par/80000,4.597322857035269e-2,4.571410701655865e-2,4.637094448465371e-2,8.086519778830577e-4,5.053341037530371e-4,1.16017735450181e-3
par/160000,8.757397416088405e-2,8.688362286270906e-2,8.855452056238723e-2,2.9152915451805365e-3,1.4670876896159255e-3,3.8560139764508014e-3
par/320000,0.18155444017740796,0.17968389132551643,0.18192200494878408,3.247673878935392e-3,2.693648739007175e-3,3.815509601839157e-3
par/640000,0.3756538414260528,0.3736229150866469,0.38010303999180906,5.141545226500052e-3,1.985842206825822e-3,5.643978074658662e-3
