Name,Mean,MeanLB,MeanUB,Stddev,StddevLB,StddevUB
par/10000,6.269023421746089e-3,6.168670614326059e-3,6.4628126911633116e-3,9.164916281496671e-4,7.197551709242972e-4,1.179393784347085e-3
par/20000,1.264763087653502e-2,1.2270704382537585e-2,1.2865025373494625e-2,1.2684920686262785e-3,9.424666791470992e-4,1.3017051102010549e-3
par/40000,2.3681126806030402e-2,2.3295834578627134e-2,2.4227143035668683e-2,1.7080008823325173e-3,1.0765381653418935e-3,2.285764648994616e-3
par/80000,4.885722831311067e-2,4.8502809575986475e-2,5.067396953241739e-2,4.756701756059105e-3,4.422800199325218e-3,5.462963317025655e-3
par/160000,0.10708242711523626,0.1046854448544783,0.10951084978884656,9.969139236170144e-3,7.150838841486714e-3,1.2202017924018628e-2
par/320000,0.25045692760807775,0.24798764018341898,0.2548562185373157,5.037922649904942e-3,9.769837334922338e-4,5.958113142706021e-3
par/640000,0.601099103805609,0.5910356636741199,0.612525979639031,1.7516995576437766e-2,4.796995499522772e-3,2.130471249955296e-2
