Name,Mean,MeanLB,MeanUB,Stddev,StddevLB,StddevUB
par/10000,8.523777669060711e-3,8.499562584963235e-3,8.569342041758505e-3,9.91058557910842e-5,7.468600631577074e-5,1.0814937049148616e-4
par/20000,1.2854592309323265e-2,1.2822319968726363e-2,1.288734909195943e-2,1.0736503593311513e-4,8.004715317215558e-5,1.2252735908450013e-4
par/40000,2.3352290635357292e-2,2.3352290635357292e-2,2.3352290635357292e-2,2.605504022534837e-4,2.605504022534837e-4,2.605504022534837e-4
par/80000,4.7401065103436404e-2,4.730495573916974e-2,4.766152005655368e-2,1.5973775955477531e-3,5.514172105540735e-4,1.6375927363521505e-3
par/160000,9.793396111215569e-2,9.707762730411357e-2,9.881146075204014e-2,2.5358001916504394e-3,2.409630900472721e-3,3.278227955197335e-3
par/320000,0.2073277194660881,0.20651727764634417,0.20913258062209936,3.5172102370978056e-3,1.3427153354588655e-3,4.859567112587356e-3
par/640000,0.4315505414851941,0.43015423556789756,0.43402045004768297,6.130611514823619e-3,5.896240118043782e-3,6.130611514823619e-3
