Name,Mean,MeanLB,MeanUB,Stddev,StddevLB,StddevUB
par/10000,8.943705102687105e-3,8.842959469369962e-3,9.079084239191487e-3,5.201799725443242e-4,4.7136181232659315e-4,5.583132618783406e-4
par/20000,1.2286260221510227e-2,1.2233014486521246e-2,1.2315683449878293e-2,3.7239929384823967e-4,3.307417207210716e-4,4.358071165973449e-4
par/40000,2.1731699883339995e-2,2.138915310796566e-2,2.192499380590377e-2,7.571607209131015e-4,5.524369677037529e-4,8.183323622855116e-4
par/80000,4.1071000751071146e-2,4.082057438793073e-2,4.1167644787231034e-2,8.726862733706087e-4,4.478755280698779e-4,1.1353401042730534e-3
par/160000,8.575670966216999e-2,8.525569344205516e-2,8.611981229091595e-2,2.3274647083927993e-3,7.847914935144339e-4,2.8359361136420123e-3
par/320000,0.17499097308482922,0.17317827887212237,0.17626025078083282,3.0876560698491202e-3,2.0038651147876708e-3,3.5887998898783903e-3
par/640000,0.35810695779703866,0.3550538916315418,0.3582721208416236,5.671058301910721e-3,6.455015818613045e-4,6.220388789198543e-3
