Name,Mean,MeanLB,MeanUB,Stddev,StddevLB,StddevUB
par/10000,9.642408055337849e-3,9.599317073340505e-3,9.704855749735041e-3,3.0985731096657055e-4,2.5242271049387644e-4,4.1708666139375617e-4
par/20000,1.2681673490302959e-2,1.2656321853101471e-2,1.27187477354254e-2,1.2004233345195061e-4,1.057030677510429e-4,1.399394150878389e-4
par/40000,2.0776636445293168e-2,2.073133504451511e-2,2.082871155620545e-2,2.03055447293831e-4,1.0427885761522801e-4,2.3734868327605527e-4
par/80000,4.11867408057456e-2,4.104042627949064e-2,4.161280835586268e-2,6.578500225696335e-4,3.5674211895396263e-4,7.69058251561528e-4
par/160000,8.365112000690136e-2,8.30540155504261e-2,8.473462330218079e-2,1.400092874551713e-3,1.0978999866410222e-3,1.801687175506076e-3
par/320000,0.17030973159961502,0.16786462419799397,0.17100726616834955,4.2549839801010415e-3,2.2645284672046305e-3,5.168845443160451e-3
par/640000,0.3498044559188808,0.34895317347642657,0.35067832986048114,3.477917662697635e-3,2.0181254216829823e-3,4.355592945346377e-3
