Name,Mean,MeanLB,MeanUB,Stddev,StddevLB,StddevUB
seq/1024,2.156148171230201e-3,2.140395942073259e-3,2.1839158943239385e-3,1.0402699953075097e-4,7.460015244613205e-5,1.298272286120058e-4
seq/2048,6.790922575559186e-3,6.754909580707624e-3,6.822067618186052e-3,2.517044488768759e-4,1.949073458327026e-4,3.3846320608199766e-4
seq/4096,1.5551190404448233e-2,1.5449731721524067e-2,1.564095033665906e-2,4.867683918070582e-4,3.726413345484337e-4,6.560250790885586e-4
seq/8192,3.3606917710892026e-2,3.3504629948360884e-2,3.368391584783738e-2,5.812986292487095e-4,5.065876874643325e-4,6.352331734050396e-4
seq/16384,7.567887911075952e-2,7.54382999755603e-2,7.613840440694603e-2,1.291272418152141e-3,8.733422249761502e-4,1.8298902911430528e-3
seq/32768,0.17861705428060623,0.17794110865831583,0.17946794447136188,1.34208098716718e-3,1.0093759688269424e-3,1.7477180871954617e-3
seq/65536,0.4122606380013246,0.4112623938001006,0.4136980196084851,2.944782714947146e-3,2.4880994425371633e-3,3.395254383461681e-3
seq/131072,0.9287918820231033,0.9251123492049709,0.9325771370021538,7.247056387053476e-3,3.1350175732678537e-3,8.493614602976325e-3
