Name,Mean,MeanLB,MeanUB,Stddev,StddevLB,StddevUB
seq/1024,2.2816411808446804e-3,2.2181477468571635e-3,2.3789372758459986e-3,3.1309896048257676e-4,9.278033704607504e-5,5.881610822304581e-4
seq/2048,7.316739618577742e-3,7.2555524880937045e-3,7.387791643644783e-3,3.133681371241981e-4,2.6365882495509843e-4,3.5058067058769255e-4
seq/4096,1.6547114090254215e-2,1.6487643602244854e-2,1.664452300293341e-2,5.133651361271307e-4,3.5418806758164906e-4,6.53459245031606e-4
seq/8192,3.645495079683626e-2,3.608341859422078e-2,3.66243459432418e-2,1.2875727613914367e-3,9.253982048653612e-4,1.6630034303945205e-3
seq/16384,7.98438836789091e-2,7.886271013009008e-2,8.038301748733881e-2,1.986348941585129e-3,1.2558696078221181e-3,3.152740932691432e-3
seq/32768,0.1848028008884336,0.18343752205529237,0.1861504826681454,3.7917378136135276e-3,2.2923420005194176e-3,4.985302169758368e-3
seq/65536,0.42397832627232435,0.42151059990669165,0.4288755234055228,8.87783426153045e-3,3.4705499632528983e-3,1.3196744473727562e-2
seq/131072,0.9443991003697427,0.9420451057024772,0.9502738505211406,8.135549494335549e-3,6.105231421718694e-3,1.0552533406863745e-2
