Name,Mean,MeanLB,MeanUB,Stddev,StddevLB,StddevUB
seq/1024,1.9202739401243398e-3,1.9043281553561243e-3,1.94338220884556e-3,7.501587020640876e-5,6.217605133300819e-5,9.680350932478828e-5
seq/2048,6.1178486883986995e-3,6.082716947321984e-3,6.1696801357678e-3,2.0367383395263983e-4,1.2784288857453147e-4,2.3579860203667833e-4
seq/4096,1.4094206422185871e-2,1.4025595891506941e-2,1.4116192145618302e-2,2.3543783111080321e-4,1.9755403799780598e-4,2.621338368886435e-4
seq/8192,3.240398573239787e-2,3.2318073367223484e-2,3.250222644048908e-2,5.114653194088393e-4,3.355749902706563e-4,7.172686537177661e-4
seq/16384,7.663508474415165e-2,7.617323361645092e-2,7.684602540324571e-2,1.510935116098732e-3,1.2195987547903217e-3,1.9313091868329284e-3
seq/32768,0.1879883400403651,0.18769140482990884,0.18857407705871063,1.7354714499961939e-3,1.4335639618403863e-3,2.1943192033730343e-3
seq/65536,0.448816796374441,0.4477796556473994,0.44906275865191314,1.7759359484947948e-3,1.5365493795541718e-3,2.3181993459267837e-3
seq/131072,1.032120603840745,1.0307122091008603,1.0336844464568693,6.0640108123931604e-3,1.8088203808807254e-3,1.0699807608530554e-2
