Name,Mean,MeanLB,MeanUB,Stddev,StddevLB,StddevUB
seq/1024,2.219428884030408e-3,2.1951140375026774e-3,2.2457992424943286e-3,1.2221778513362615e-4,1.0393036486553472e-4,1.5541314452044888e-4
seq/2048,7.110244957426232e-3,7.054454367304568e-3,7.212397344496363e-3,3.2593129450640066e-4,2.495633111494908e-4,4.657764413604436e-4
seq/4096,1.6153522444140884e-2,1.6102128044755134e-2,1.622113455060267e-2,3.9634512406533113e-4,2.978759407909649e-4,4.5297711049853477e-4
seq/8192,3.509883372262386e-2,3.498205420222596e-2,3.5363493842248774e-2,9.173338652097421e-4,7.71310798565118e-4,1.2150267092765304e-3
seq/16384,7.8215633151575e-2,7.769928449258263e-2,7.876790755827444e-2,1.90988267675182e-3,1.2258751122354535e-3,2.690571372273381e-3
seq/32768,0.1813413315918854,0.1802072548898244,0.18207741905053118,2.4313459131796366e-3,1.3994601768201234e-3,3.329425002560333e-3
seq/65536,0.4161443245684599,0.41447451526881846,0.41804765252974985,5.3705024386396984e-3,3.027073021161231e-3,6.839035254152808e-3
seq/131072,0.9363032502192195,0.9313234608815038,0.9431580597864861,1.0938268361920087e-2,6.078944557301324e-3,1.5740418257773378e-2
