Name,Mean,MeanLB,MeanUB,Stddev,StddevLB,StddevUB
seq/1024,2.16077907678557e-3,1.934534439694201e-3,2.576928104236106e-3,7.318934894750695e-4,4.6123653986208734e-4,1.1334030361217508e-3
seq/2048,6.887383866800235e-3,6.172421651343808e-3,8.088997869764688e-3,2.1293085706354355e-3,1.4143678736017991e-3,3.262886665454244e-3
seq/4096,1.5729961311751126e-2,1.3983483561117229e-2,1.759002692766957e-2,3.415303360249616e-3,2.422260499388773e-3,4.911052668600462e-3
seq/8192,3.348066646785572e-2,3.0692840051102878e-2,3.5731643933542626e-2,4.2974009560209836e-3,2.6060441559003404e-3,5.767509184861287e-3
seq/16384,8.044739592304853e-2,7.431640669121406e-2,8.417201147248436e-2,6.916507024562671e-3,3.43922848040937e-3,1.0563067247664046e-2
seq/32768,0.18524397408667329,0.1669860541781721,0.1955390805688997,1.466073399592022e-2,6.344249963881969e-3,2.04242484601936e-2
