Name,Mean,MeanLB,MeanUB,Stddev,StddevLB,StddevUB
seq/1024,2.8710073104935693e-3,2.7970952889238847e-3,2.948647964629301e-3,4.811503341425132e-4,1.4780844627853922e-4,6.942771011802195e-4
seq/2048,8.821180906408049e-3,8.7008823341081e-3,8.970388935914316e-3,5.286978281814505e-4,4.4631265630977197e-4,6.905940183193105e-4
seq/4096,2.1066349258543e-2,2.0839963202779706e-2,2.1375959370821533e-2,1.1612423786408917e-3,5.249649333300769e-4,1.6959175944118831e-3
seq/8192,4.550911481047049e-2,4.508828166863584e-2,4.69818949985644e-2,3.8719979542809414e-3,9.454132143110051e-4,6.2396272044735425e-3
seq/16384,9.548704378141676e-2,9.42703618011501e-2,9.599916643804841e-2,2.5734471522622614e-3,1.6844247007150235e-3,3.783845755231808e-3
seq/32768,0.21661331236515904,0.2145438691001354,0.21818958733154334,3.732445332879002e-3,1.734621900895952e-3,5.992337173448833e-3
seq/65536,0.48230927689085645,0.47789562500656524,0.4853773490242036,7.567916978845794e-3,3.872367630769502e-3,9.779976991212915e-3
seq/131072,1.0751439719172955,1.06005605551721,1.0835991635923525,2.104973306801187e-2,5.093234090843276e-3,3.1031625388180207e-2
