Name,Mean,MeanLB,MeanUB,Stddev,StddevLB,StddevUB
seq/1024,2.4363132762207553e-3,2.413290674471878e-3,2.460650947377077e-3,1.9409858076801075e-4,1.6833483724484086e-4,2.391010885178465e-4
seq/2048,7.904293030786338e-3,7.722272684686021e-3,8.040182710418653e-3,7.928100989748287e-4,6.326306469089822e-4,9.96486531021335e-4
seq/4096,1.7576157757338333e-2,1.730491401977937e-2,1.7753363456234808e-2,9.074000871441568e-4,7.834035823773451e-4,1.0396498152674808e-3
seq/8192,3.7864426919049336e-2,3.740848196040102e-2,3.838444133656301e-2,1.5794926461624751e-3,1.2892727497855754e-3,1.7374570970654524e-3
seq/16384,8.337339029548692e-2,8.268851690033488e-2,8.367530209073926e-2,3.0942503929587513e-3,1.999262236122398e-3,3.5003959318600612e-3
seq/32768,0.1906456218750321,0.18916605211757842,0.19301619810894666,5.116206837693686e-3,3.122508747913812e-3,6.437028511886227e-3
seq/65536,0.43901765585007485,0.43642951979045225,0.44355317268819017,1.6608427593935552e-2,7.022294668856344e-3,2.0996631205407273e-2
seq/131072,0.9608826554951653,0.9581311830287289,0.9627664803793163,8.956965793147925e-3,5.952984278426441e-3,1.1605604416762382e-2
