Name,Mean,MeanLB,MeanUB,Stddev,StddevLB,StddevUB
seq/1024,1.746355494186222e-3,1.7340352582971672e-3,1.7546910519590164e-3,4.6996568129119e-5,2.8420862766678828e-5,5.772956429318043e-5
seq/2048,5.677270177719975e-3,5.637913719296515e-3,5.705977398516925e-3,1.7395872365780535e-4,1.302736324231794e-4,2.4149689070833717e-4
seq/4096,1.3307918084697645e-2,1.3265795514848263e-2,1.3352038027927175e-2,2.1906294340802258e-4,1.6488128029180997e-4,2.6470220094434066e-4
seq/8192,3.164028513978918e-2,3.148048833776481e-2,3.181827422528789e-2,6.981372953132924e-4,3.2368589524315266e-4,8.897149061414991e-4
seq/16384,8.1929227917317e-2,8.164239514063247e-2,8.232187885121858e-2,1.1620692372106237e-3,5.829606649885306e-4,1.652855198610769e-3
seq/32768,0.2089826588343423,0.20815137234782122,0.2096647936472658,2.168886962229404e-3,1.5058689863967642e-3,2.913538919434587e-3
seq/65536,0.5090942860270368,0.5080117173947594,0.5101977729175861,1.7912192226540444e-3,1.2744808741156494e-3,2.244626104036367e-3
seq/131072,1.197669409595741,1.1956012928721607,1.1994291852897732,3.2780082787948125e-3,1.7619456132937869e-3,4.826152341572544e-3
