Name,Mean,MeanLB,MeanUB,Stddev,StddevLB,StddevUB
seq/1024,2.021019642644144e-3,1.996138779803126e-3,2.0437059119647826e-3,9.688821955883484e-5,7.725866870959174e-5,1.286220609205021e-4
seq/2048,6.420907223347787e-3,6.374562420998958e-3,6.507833100238612e-3,2.2456708952765044e-4,1.8236045307804617e-4,2.8506688487035656e-4
seq/4096,1.4732242096996875e-2,1.4693579843483136e-2,1.4843309835448942e-2,3.447175295021314e-4,1.710140722271804e-4,4.5090111410077367e-4
seq/8192,3.292259853885625e-2,3.279206373673332e-2,3.296240802848985e-2,5.182014325157243e-4,3.945702320498702e-4,7.451958001950716e-4
seq/16384,7.477290900635292e-2,7.414274812643505e-2,7.53912213580559e-2,1.4536203841654866e-3,9.503587198053435e-4,2.6794433429753856e-3
seq/32768,0.1799023285772697,0.1796486432218829,0.18022369376549807,1.2590987707887622e-3,9.778764622812113e-4,1.5537020291687311e-3
seq/65536,0.42451817996263397,0.4231758576760963,0.42628041071034134,2.911996998324928e-3,1.5634367316307693e-3,3.822071911707865e-3
seq/131072,0.9583865456579368,0.9560314480637986,0.9606234144523945,5.236929695641477e-3,3.499227452801571e-3,6.688952739499105e-3
