Name,Mean,MeanLB,MeanUB,Stddev,StddevLB,StddevUB
par/10000,3.886834527078617e-3,3.656456635069308e-3,4.013849765782012e-3,9.271476436284367e-4,6.97899410982795e-4,1.184245524768871e-3
par/20000,8.88722001671587e-3,8.650031434716014e-3,8.999867843983126e-3,1.6337009789665648e-3,1.054579869212573e-3,1.993599101968783e-3
par/40000,3.0146486923395353e-2,2.8532457027739686e-2,3.0715948321971e-2,2.918713602080288e-3,1.6716090770967675e-3,3.7370501557940005e-3
par/80000,7.419062139494718e-2,7.161096175728474e-2,7.887549690445643e-2,8.303757560824736e-3,6.522925850536749e-3,1.10363407702028e-2
par/160000,0.17825242266990246,0.17682324810367492,0.1804121945027469,5.059201704279836e-3,4.64175873991704e-3,6.43597031598891e-3
par/320000,0.40898616844788194,0.397761034197174,0.42021130269858986,2.1329557489359004e-2,2.208509676923383e-3,2.38539897403677e-2
par/640000,0.9377701466340417,0.9216086502322772,0.9539316430358061,2.883669702804162e-2,1.7157149462339594e-3,3.73233771922635e-2
