Name,Mean,MeanLB,MeanUB,Stddev,StddevLB,StddevUB
par/10000,3.512775153311306e-3,3.3767831581640053e-3,3.592256402418247e-3,6.529621917828876e-4,5.23721434279127e-4,8.01551165549366e-4
par/20000,7.871475770426135e-3,7.735773607919585e-3,8.166547623356673e-3,9.289085992363022e-4,6.775254454653881e-4,1.06308782175609e-3
par/40000,2.223003289439722e-2,2.1863750863860307e-2,2.2711859267262186e-2,1.7628589203809255e-3,1.7011550730611925e-3,1.894455823161004e-3
par/80000,5.8609288815815924e-2,5.765645593046285e-2,5.965466725272891e-2,3.559725335388282e-3,2.488024330198976e-3,4.228471915137183e-3
par/160000,0.15176828719745233,0.14656628443238634,0.15376483437472158,7.44275101720798e-3,6.816738191711418e-3,1.0397228374747025e-2
par/320000,0.36268242918110144,0.35484651483905816,0.3701837407425046,1.3947609837854974e-2,1.6458646550390546e-3,1.615738470729695e-2
par/640000,0.8224340098483177,0.8044509227620438,0.8404170969345917,4.0522336942664584e-2,3.908340033336133e-2,4.918797698670505e-2
