Name,Mean,MeanLB,MeanUB,Stddev,StddevLB,StddevUB
par/10000,3.3442921553981527e-3,3.246227603212959e-3,3.5642253570099002e-3,7.658307089780734e-4,5.293176432088171e-4,9.413449095021972e-4
par/20000,8.430252111687664e-3,8.276845757639352e-3,9.10092347387002e-3,1.3698141991394764e-3,1.1468714777940522e-3,1.7851134579484594e-3
par/40000,2.4763480606046242e-2,2.4763480606046242e-2,2.4763480606046242e-2,2.8473188041286904e-3,1.8959907448947897e-3,4.208102189462203e-3
par/80000,6.717314872205077e-2,6.475543679495892e-2,6.962171165512908e-2,6.033478210659925e-3,4.0905938388980535e-3,7.8093999211522715e-3
par/160000,0.17117445940107462,0.16609955370160084,0.17373896663831104,6.893336810442459e-3,5.374467160984594e-3,8.222948318042052e-3
par/320000,0.3775697306264192,0.37231122504454106,0.38271797937341034,9.833087900242683e-3,2.888616079880151e-3,1.1889371199721993e-2
par/640000,0.8957865423193047,0.8572677901829593,0.9143068361542344,3.6669772760017864e-2,8.352784627698215e-3,4.277078652427045e-2
