Name,Mean,MeanLB,MeanUB,Stddev,StddevLB,StddevUB
par/10000,3.1105121692124775e-3,3.081557018072356e-3,3.120953613324912e-3,1.9868315182140222e-4,1.9868315182140222e-4,1.9868315182140222e-4
par/20000,8.019961689328647e-3,7.917295700797205e-3,8.078149297785124e-3,5.913989896524902e-4,5.539363899715301e-4,6.210049396826531e-4
par/40000,1.8696289134217725e-2,1.8694783267730945e-2,1.8862337067317277e-2,6.940443685364002e-4,4.0800498937309886e-5,9.568741868532771e-4
par/80000,4.372443753592522e-2,4.3044641147942604e-2,4.410523403721726e-2,1.9720700627928766e-3,1.6684030543441105e-3,2.33048782262896e-3
par/160000,9.788089998329644e-2,9.751453883132882e-2,9.831021699567394e-2,1.6733223555862814e-3,1.5170311619123046e-3,2.120180351871601e-3
par/320000,0.22653815942919917,0.2223794738141199,0.22981908878363255,5.90207535823485e-3,5.45055284667045e-3,6.119708640396825e-3
par/640000,0.5035534608662905,0.5019769817202663,0.5050171075175361,2.63696821314093e-3,2.0249705676696267e-3,3.026083014750214e-3
