Name,Mean,MeanLB,MeanUB,Stddev,StddevLB,StddevUB
par/10000,3.152537801572798e-3,3.121649797528244e-3,3.204791267149858e-3,1.810646047472805e-4,1.6338446280005756e-4,1.961698285516013e-4
par/20000,8.158907669284045e-3,8.00654790655332e-3,8.201934773661606e-3,4.7289498175657324e-4,3.8784613462619974e-4,5.396649595070522e-4
par/40000,2.0120575554123186e-2,1.966020216541437e-2,2.0639341200831197e-2,1.3569716717521981e-3,1.2426164949513538e-3,1.4076132262636966e-3
par/80000,4.3778373595510976e-2,4.322134904583458e-2,4.52783188383998e-2,2.6480295357895448e-3,2.539301033503623e-3,3.1018659373762327e-3
par/160000,0.10035213700528922,9.841493711900458e-2,0.10154443196521175,5.7694611847716095e-3,5.126274003810826e-3,6.2876937328603996e-3
par/320000,0.22523405151959094,0.22421579465218303,0.22772979802296808,5.674785710139975e-3,3.4203438724416985e-3,7.122618667315204e-3
par/640000,0.5026210147091964,0.5026210147091964,0.5026210147091964,3.519452424001631e-3,2.976246954250472e-5,4.096023402988696e-3
