Name,Mean,MeanLB,MeanUB,Stddev,StddevLB,StddevUB
par/10000,3.03725834002136e-3,3.0111992086131944e-3,3.056770474118093e-3,1.4282110683394572e-4,1.3138910662467216e-4,1.589931758642878e-4
par/20000,8.17634565638053e-3,8.09290602286527e-3,8.268552277879813e-3,4.7281171374108003e-4,4.544000969016223e-4,5.465257115024564e-4
par/40000,2.0206397107722058e-2,2.0009730565951223e-2,2.0623908219702294e-2,1.3327342707596225e-3,1.284020737488103e-3,1.3408002157273267e-3
par/80000,4.511062604328884e-2,4.4107580719718195e-2,4.810566071620477e-2,3.406397052133237e-3,3.223599703261729e-3,3.5610853912478456e-3
par/160000,9.799542482888961e-2,9.710649060215998e-2,9.887035428550475e-2,2.1153271356908762e-3,2.0410901769333193e-3,2.3365559599224776e-3
par/320000,0.2222680938624156,0.22196093230741099,0.2229916224346703,1.261444802054813e-3,9.510191799947842e-4,1.8469678882816712e-3
par/640000,0.5040968963391302,0.5002131172223017,0.5077373499322372,6.792946150046561e-3,1.1885657440871e-3,7.462121362693899e-3
