Name,Mean,MeanLB,MeanUB,Stddev,StddevLB,StddevUB
par/10000,3.7400106915733474e-3,3.6267666719327087e-3,3.810514959301433e-3,5.572542522224663e-4,3.814861489098019e-4,7.094243941702665e-4
par/20000,8.627401777919293e-3,8.356686984496865e-3,8.989205397987332e-3,1.055571624929005e-3,9.557109544568911e-4,1.1809893934834525e-3
par/40000,2.5015484535504225e-2,2.4917099723567232e-2,2.5200360925432236e-2,1.4120266306765536e-3,1.1889593638540709e-3,1.5292358577604663e-3
par/80000,6.125868186790284e-2,6.0885328106042254e-2,6.236187869937632e-2,4.7612872581698565e-3,1.7731101767921127e-3,7.497722717679154e-3
par/160000,0.1574450140701746,0.1539840021867584,0.15828654487572963,8.108636276875745e-3,2.386444520747378e-3,1.1424486424984883e-2
par/320000,0.38928725837225403,0.3866573842048334,0.3901373216261466,9.049055531450448e-3,5.259748334841191e-3,1.1003728664945811e-2
par/640000,0.9331960304892467,0.9152480216580443,0.9489547389287812,2.146281715483369e-2,7.5497347831449645e-3,2.5110389455221593e-2
