Name,Mean,MeanLB,MeanUB,Stddev,StddevLB,StddevUB
seq/10000,8.893351334171785e-3,8.548639932465605e-3,9.095885971009254e-3,9.736767087479269e-4,6.558973176275998e-4,1.1918721819422213e-3
seq/20000,2.2138760865033108e-2,2.15793775853301e-2,2.2771173835230786e-2,1.5569556009314403e-3,1.1234713741221315e-3,1.8767895596218185e-3
seq/40000,5.3634485059584465e-2,5.297820515057014e-2,5.388629926941405e-2,2.2911713863760595e-3,2.1428179303109845e-3,3.0719461660382577e-3
seq/80000,0.12840836873025788,0.12636649590664698,0.13086276274407282,6.368679644841939e-3,5.16497081869983e-3,7.974231767082843e-3
seq/160000,0.30129741575879354,0.2996608271729201,0.30395519686862826,8.995047031295892e-3,7.2546554442930984e-3,1.118132043020792e-2
seq/320000,0.7357380939744568,0.7235783448753257,0.7506477677185709,2.530461893922487e-2,1.2798933639687607e-2,2.981934748822823e-2
seq/640000,1.816003234484621,1.800920837694624,1.842427984578535,2.128860578582878e-2,2.128860578582878e-2,2.128860578582878e-2
