Name,Mean,MeanLB,MeanUB,Stddev,StddevLB,StddevUB
par/10000,3.5065070339004613e-3,3.3553074048991013e-3,3.882589929067344e-3,8.695027329258137e-4,7.265578375131445e-4,9.985577983633765e-4
par/20000,8.7708827405024e-3,8.579926578514066e-3,9.091616520715013e-3,1.2889585729688265e-3,9.569201230700525e-4,1.4723996830061355e-3
par/40000,2.630714013106637e-2,2.5319447796076963e-2,2.6995294775703678e-2,2.4305155402164075e-3,2.0954187022388954e-3,2.8307511147537857e-3
par/80000,7.38467346380472e-2,7.174364520348882e-2,7.612232927076416e-2,6.44002954642322e-3,4.021773007923963e-3,1.0692287125529523e-2
par/160000,0.18010692010737128,0.1757508776150644,0.18385920042379034,1.0893058643274715e-2,6.601326227395108e-3,1.2841792602773197e-2
par/320000,0.41985609755890135,0.41504441514067975,0.4277769539039582,1.0882117831719133e-2,5.288902021229715e-3,1.2691522482782602e-2
par/640000,0.9539307513817524,0.926780897192657,0.9794197670804958,4.913189346872045e-2,1.6608384903520346e-3,5.8087834073657384e-2
