Name,Mean,MeanLB,MeanUB,Stddev,StddevLB,StddevUB
par/10000,3.1962527921939586e-3,3.147086854650054e-3,3.230581614859223e-3,1.8703811709856868e-4,1.731347645438152e-4,1.9657024827157604e-4
par/20000,8.358903837922442e-3,8.294154383484218e-3,8.394535169859644e-3,5.029576759307871e-4,4.947411043136211e-4,5.1344463579829e-4
par/40000,1.9427161582250156e-2,1.9403596226257834e-2,1.9545908377759536e-2,1.190459854267803e-3,1.0698641995869902e-3,1.2717596082982346e-3
par/80000,4.624402285902218e-2,4.58656756219154e-2,4.7076055299974925e-2,1.8961203955456158e-3,1.4716892014367316e-3,2.2229365938108386e-3
par/160000,9.625293595625607e-2,9.544905705165571e-2,9.68329134890588e-2,1.2163590021551872e-3,5.880859133367342e-4,1.680514207516848e-3
par/320000,0.22355244040049405,0.22320759081824992,0.22376538719723207,2.2107310164609516e-3,1.006267477976609e-3,2.79956427868276e-3
par/640000,0.5023898874933366,0.501596343179699,0.5029445163381752,1.7896777953106588e-3,4.874167498201132e-4,2.395432475802471e-3
