Name,Mean,MeanLB,MeanUB,Stddev,StddevLB,StddevUB
par/10000,5.5865349727021955e-3,5.479384137131705e-3,5.799665869077382e-3,6.932276007077184e-4,5.018387477538327e-4,1.0972655003721225e-3
par/20000,1.2431957450448566e-2,1.2249397144160625e-2,1.256585276736661e-2,8.600195111003593e-4,5.562324010580089e-4,1.0460524002025842e-3
par/40000,3.406345747048207e-2,3.374877255811515e-2,3.450204967472625e-2,1.983102971373402e-3,1.3219972449943008e-3,2.5457333778862875e-3
par/80000,9.761337841888873e-2,9.491465978999498e-2,9.98803664319549e-2,5.265786374425111e-3,4.531190051791819e-3,6.131439305489597e-3
par/160000,0.2516760014928877,0.24476036839187146,0.25558760212734344,8.744891427001255e-3,2.3383101410533493e-3,1.1200564334771186e-2
par/320000,0.6522181106944723,0.6455006246784857,0.6612715327258532,1.230777145937894e-2,9.85314188937261e-4,1.3123188110224447e-2
par/640000,1.6396910113107879,1.631091237271903,1.64883609773824,1.8701171215505012e-2,1.4769744302611798e-2,2.1119672442607318e-2
