Name,Mean,MeanLB,MeanUB,Stddev,StddevLB,StddevUB
par/10000,3.989692734861362e-3,3.969059900434443e-3,4.016268293381048e-3,1.087230028956624e-4,8.328574388629487e-5,1.2760634678157337e-4
par/20000,1.0385882871757462e-2,1.036077715555035e-2,1.0446638750042278e-2,2.121731342644756e-4,1.5268615254338322e-4,2.5603552419698996e-4
par/40000,2.498155364804233e-2,2.489868628186501e-2,2.5036423380727466e-2,2.678168383479174e-4,1.8657874215587326e-4,3.4268734965287994e-4
par/80000,5.52810952901433e-2,5.519689159612454e-2,5.5464897815564455e-2,1.124977280468388e-3,1.059648251833706e-3,1.6036867050642127e-3
par/160000,0.11850690213357752,0.11827869188647518,0.11868458550050577,1.0067971666993852e-3,9.561896655445474e-4,1.1995167196131318e-3
par/320000,0.26028915054009605,0.25607004386062426,0.2648490468785167,5.158133915491445e-3,4.4992190655354924e-3,6.23901965327248e-3
par/640000,0.5867043185280636,0.5856423182412982,0.5873125068028457,1.2443243886034216e-3,4.4086482375860214e-5,1.4045506566537959e-3
