Name,Mean,MeanLB,MeanUB,Stddev,StddevLB,StddevUB
par/10000,3.38786447161763e-3,3.3786136030807996e-3,3.452691285644047e-3,6.855809691258062e-4,6.855809691258062e-4,6.855809691258062e-4
par/20000,7.935157892066075e-3,7.7389465111568165e-3,8.190561765818862e-3,1.0999602888202298e-3,1.0999602888202298e-3,1.0999602888202298e-3
par/40000,2.331358208378661e-2,2.2843791199867926e-2,2.4544999977121024e-2,2.4161936206069552e-3,1.9456294490969525e-3,2.666355920228721e-3
par/80000,6.484968711242987e-2,6.467988611950691e-2,6.511952379120632e-2,5.371738935701301e-3,4.388679039743557e-3,7.03049637982771e-3
par/160000,0.16611014053868572,0.1618328056786032,0.16788262886305652,8.155455996202923e-3,5.744570465564324e-3,9.213799538790658e-3
par/320000,0.3914158813519559,0.3801702856144402,0.4001034687292607,2.3125774870645068e-2,8.518294277169299e-3,2.820952187071319e-2
par/640000,0.909238489519339,0.902223014854826,0.9216273478232324,2.2117688875407802e-2,1.363296133273477e-2,2.5812192710460896e-2
