Name,Mean,MeanLB,MeanUB,Stddev,StddevLB,StddevUB
par/10000,4.28077792771504e-3,4.190342393043803e-3,4.53324108060916e-3,5.908151742482154e-4,4.6975599310504517e-4,7.697188992222748e-4
par/20000,9.673713744531964e-3,9.619917412750048e-3,9.925292562572793e-3,8.607456567921426e-4,6.904133208441629e-4,1.0120852350929308e-3
par/40000,2.626290518569398e-2,2.557722191765672e-2,2.6815656930824758e-2,1.7899282671984952e-3,1.574740526167875e-3,1.854255302779226e-3
par/80000,6.978840944894013e-2,6.74147315994814e-2,7.109457703139009e-2,4.976437616256536e-3,3.7269853024378833e-3,5.582786671052856e-3
par/160000,0.17004902410925982,0.16982577814194721,0.17389196989658687,6.856526968667686e-3,3.1002174368410357e-3,8.340151057531907e-3
par/320000,0.44610243749533157,0.43319814709442045,0.4536319579347037,2.2351403657034485e-2,1.0055323325408011e-2,2.580858080182225e-2
par/640000,1.078687034304797,1.0576851126970723,1.0858923512375136,2.5891117760877297e-2,1.086173255074152e-2,2.6137730293120585e-2
