Name,Mean,MeanLB,MeanUB,Stddev,StddevLB,StddevUB
par/10000,1.1121921707221946e-2,1.065823202190263e-2,1.1491211461762905e-2,1.3503384153391955e-3,8.938665913685429e-4,1.6393146617366806e-3
par/20000,2.795032234068988e-2,2.7654670840413755e-2,2.8246454119581238e-2,2.4739220980443733e-3,1.804798431591172e-3,2.910109240267696e-3
par/40000,6.7558287963288e-2,6.645969554997427e-2,6.823260588545774e-2,4.4732380779458295e-3,3.4717073538386776e-3,5.074352592386145e-3
par/80000,0.16386400224723327,0.16128871048623253,0.17229469508331802,7.005243255966567e-3,6.987251261567339e-3,9.347692110126895e-3
par/160000,0.3612704733386636,0.34387920174049214,0.3754306751070544,1.9526239756648144e-2,1.4609248701062456e-2,2.1261620203788276e-2
par/320000,0.9168410460406449,0.9114871766068973,0.9284853679710068,1.7128695265270832e-2,2.6076490757986903e-3,2.052850349225453e-2
par/640000,2.223456163677232,2.219634242084188,2.2322580517890556,1.7904202871759218e-2,4.4466171336050575e-3,2.401892852707537e-2
