Name,Mean,MeanLB,MeanUB,Stddev,StddevLB,StddevUB
par/10000,7.865028092495804e-3,7.4193403597840905e-3,8.085649307528048e-3,9.11492349568987e-4,6.185206261896827e-4,1.1795428546701188e-3
par/20000,2.0618512192614413e-2,2.012902079724365e-2,2.0678083497835224e-2,1.0070227008854575e-3,7.212934502631032e-4,1.2998479980149125e-3
par/40000,5.151155619889019e-2,5.08866926501247e-2,5.2392244942144624e-2,2.306565107652224e-3,2.1395977212404324e-3,2.7309476415305527e-3
par/80000,0.13466319621289757,0.1337476329884902,0.13683988319895607,4.3110152994504e-3,1.8912890514272132e-3,5.863768305315695e-3
par/160000,0.3367007712367922,0.3255271043162793,0.34257814928423613,1.0682069200385133e-2,5.956581328064203e-3,1.142004965017213e-2
par/320000,0.8387895247918399,0.8232663033704739,0.8504307086404879,2.7892040559025794e-2,2.483893665154853e-2,3.584934426526318e-2
par/640000,2.0806059086850532,2.0634403481381014,2.10385300940834,4.0500669734156586e-2,1.6369692065166908e-2,4.8078695875389925e-2
