Name,Mean,MeanLB,MeanUB,Stddev,StddevLB,StddevUB
par/10000,1.0446184933737716e-2,1.030898025008586e-2,1.0605545834596213e-2,9.926456340512717e-4,7.934385006600999e-4,1.2934976522329254e-3
par/20000,2.6887937511803826e-2,2.6463846281868507e-2,2.780834671032631e-2,2.296268643386042e-3,1.9303431607757997e-3,2.8150661837482824e-3
par/40000,6.1425818074282934e-2,5.880617756064924e-2,6.402129587820835e-2,3.380935940799856e-3,3.380935940799856e-3,3.380935940799856e-3
par/80000,0.15369037491535503,0.15132878510547537,0.15599512297527068,9.815209601165224e-3,7.771124636810475e-3,1.1018482481204996e-2
par/160000,0.32740049133853366,0.3127526732161641,0.33518071302523217,1.4843258370279343e-2,9.227235667879186e-3,1.7467528566373354e-2
par/320000,0.8354731879468696,0.8272938942342686,0.8563438696243489,2.035704014141881e-2,8.496236599360718e-4,2.4224218589168907e-2
par/640000,2.022137530351756,2.012666693335632,2.046856966946507,3.778231701050123e-2,1.7859858028390546e-2,4.926609367784805e-2
