Name,Mean,MeanLB,MeanUB,Stddev,StddevLB,StddevUB
seq/10000,8.177869524833396e-3,7.976603007140516e-3,8.259254970074945e-3,8.392283750638775e-4,5.853846133977198e-4,9.471237509371697e-4
seq/20000,2.054267201672268e-2,2.046962567868334e-2,2.0701122224341326e-2,1.3213025868572417e-3,1.3079431258269175e-3,1.5783851748946065e-3
seq/40000,5.172788128962703e-2,5.0823051171296214e-2,5.2643228830191284e-2,2.0534588891197502e-3,1.2187250438820576e-3,2.3047892608315554e-3
seq/80000,0.1260037465654369,0.12433683454970984,0.12833625329034737,5.9200527661376744e-3,3.915166955289031e-3,6.704249928799472e-3
seq/160000,0.29426232673227787,0.2930260251276195,0.2968370651267469,4.486468013532071e-3,2.6103565552953014e-3,5.618208716815768e-3
seq/320000,0.7461256594979204,0.7360696399700828,0.7529669543146156,1.296945942479422e-2,6.80039043072611e-3,1.3439846623225383e-2
seq/640000,1.8192833667659822,1.8085526494542137,1.8399492604658008,1.4828674691068825e-2,1.4372803286669884e-2,1.7600827963700952e-2
