Name,Mean,MeanLB,MeanUB,Stddev,StddevLB,StddevUB
par/10000,8.451584755608327e-3,8.3048512504244e-3,8.744341522862945e-3,7.990972442969148e-4,6.952346055870609e-4,8.944863759783796e-4
par/20000,2.1555992456319985e-2,2.126143845408001e-2,2.1937695156105528e-2,1.5330688225158318e-3,7.768223335057046e-4,2.0469016737499177e-3
par/40000,5.309555502689818e-2,5.2959520638153686e-2,5.396081184630594e-2,2.49373037400412e-3,2.49373037400412e-3,2.49373037400412e-3
par/80000,0.1338420739847823,0.13064772282225368,0.13817088920900245,6.746286796255113e-3,5.685576543708895e-3,9.082473549536613e-3
par/160000,0.3232580827906107,0.31710308700179063,0.327190113364098,7.014661777786363e-3,7.014661777786363e-3,7.014661777786363e-3
par/320000,0.8163848154072184,0.8138415339635685,0.8195364399580285,5.890506351764943e-3,4.297475288410092e-3,6.650525488791082e-3
par/640000,1.981013862270629,1.9621380079188384,1.988335212081438,3.3588250749138515e-2,7.208188239019364e-3,3.7751708703581244e-2
