Name,Mean,MeanLB,MeanUB,Stddev,StddevLB,StddevUB
seq/10000,8.907301096056973e-3,8.806685931805442e-3,9.27710345033231e-3,1.030510940705002e-3,9.208830725865101e-4,1.1741818673373845e-3
seq/20000,2.246961792107356e-2,2.1753707236947653e-2,2.2941712662454778e-2,1.6934807011045906e-3,8.042916749071094e-4,2.243808047943593e-3
seq/40000,5.3370938970338656e-2,5.2033136478264755e-2,5.430668872012763e-2,2.339497886587931e-3,1.0894189005910126e-3,3.0990332509380817e-3
seq/80000,0.13043221403918107,0.12666177280480043,0.13225551777626,6.6860751516298516e-3,2.1882498117979958e-3,9.07933529222632e-3
seq/160000,0.30140080833962807,0.29541039940280217,0.3080029309494421,1.3738648232136622e-2,3.4741855182349284e-3,1.7259004372621314e-2
seq/320000,0.7498022130457684,0.7331258179619908,0.7597693119896576,2.840982872063144e-2,1.26792806609805e-2,3.152938685783374e-2
seq/640000,1.8490341975411866,1.8256330549775157,1.8748739201400895,2.7905838417530523e-2,2.3019068699795753e-2,3.322253835045933e-2
