Name,Mean,MeanLB,MeanUB,Stddev,StddevLB,StddevUB
par/10000,9.629008754063114e-3,9.358598179312862e-3,1.0179542401806818e-2,1.0946823061697664e-3,1.0257121896082248e-3,1.3840584286897845e-3
par/20000,2.4142495013508368e-2,2.3186883679074836e-2,2.5262595075548094e-2,2.191499756534009e-3,1.6365599963255937e-3,2.5001153486275776e-3
par/40000,5.875632052656901e-2,5.816504886132423e-2,5.9965994764287545e-2,2.7394025653302585e-3,1.9393186920205836e-3,3.8180644840637963e-3
par/80000,0.1431191257394369,0.14072829100373044,0.14865700834348392,5.605017924169434e-3,1.5464084152582063e-3,8.292995793023106e-3
par/160000,0.323970541547363,0.31262457445263864,0.3349192542551706,2.2473295088523915e-2,2.079741327230157e-2,2.574492407744456e-2
par/320000,0.8065709986355311,0.7820917095523328,0.8310502877187294,3.478669633090041e-2,2.1386146758142488e-2,4.072887173005362e-2
par/640000,1.993971353416176,1.973358083535762,2.0141935843469887,4.012724703700944e-2,2.822692700040763e-3,4.7604307657341735e-2
