Name,Mean,MeanLB,MeanUB,Stddev,StddevLB,StddevUB
par/10000,9.307697740868629e-3,8.844471562838869e-3,9.48240205812397e-3,9.892840012094824e-4,9.243166532425443e-4,1.1515325115697681e-3
par/20000,2.3261513113556797e-2,2.2906213382499093e-2,2.357451340454376e-2,1.4521109062248948e-3,1.0177081386603922e-3,2.1511379785266334e-3
par/40000,5.6895674238410486e-2,5.6570057179405886e-2,5.704391436588522e-2,1.8370271008285462e-3,1.2843806572141814e-3,2.1662485600729463e-3
par/80000,0.1363694750441244,0.13394781032818304,0.13718381633758933,8.370482064148263e-3,2.980738286135283e-3,8.745474941631587e-3
par/160000,0.3156538243452087,0.31157101619988675,0.3174869143869728,7.175687203041994e-3,2.1116604171583725e-3,7.888471260066011e-3
par/320000,0.7875967175641563,0.7750885563727934,0.8021029463852756,2.231175711814599e-2,3.771949639709997e-3,2.5395272317498947e-2
par/640000,1.9396117974150304,1.906757821503561,1.9621022137774464,4.009072548687558e-2,1.7643481738151803e-2,4.4980832724832e-2
