Name,Mean,MeanLB,MeanUB,Stddev,StddevLB,StddevUB
par/10000,8.863458845012339e-3,8.674122131226036e-3,9.093746528056529e-3,8.431941393145147e-4,7.106928275634115e-4,9.870899693089842e-4
par/20000,2.2291873772425853e-2,2.173849362658039e-2,2.2895824988807444e-2,1.6142673317611188e-3,1.2888630740329951e-3,2.3492874621085682e-3
par/40000,5.347990803489687e-2,5.273265247251581e-2,5.400304632866135e-2,2.561346855304165e-3,1.3722676771063674e-3,2.8829949113512213e-3
par/80000,0.13003226421541988,0.12747502891115367,0.13211017403712805,5.847054382572277e-3,3.11510952038823e-3,7.268926017090252e-3
par/160000,0.3110057169400776,0.30761975665266317,0.31288918676475685,5.079084138799386e-3,4.343809086500197e-3,5.438601098113987e-3
par/320000,0.7807268385852998,0.777039717087367,0.787337950799459,1.2320592854656186e-2,7.392149682306677e-3,1.5267709665950594e-2
par/640000,1.9115683779042836,1.8955738309111136,1.9315510876088715,3.106666363409228e-2,1.6449821992252714e-3,3.8582806247516394e-2
