Name,Mean,MeanLB,MeanUB,Stddev,StddevLB,StddevUB
par/10000,9.454426721979417e-3,9.203248718338287e-3,9.715697969986947e-3,9.947352496757114e-4,6.802402562637273e-4,1.1349772349286036e-3
par/20000,2.387438774785479e-2,2.2737467325540456e-2,2.4437032767241355e-2,2.195854954823514e-3,1.8546350239221493e-3,2.5709546701042424e-3
par/40000,5.676867584234957e-2,5.468272329177343e-2,5.830693523825772e-2,3.319878959160097e-3,1.3385525665146163e-3,4.1495709609344344e-3
par/80000,0.1399275201256387,0.1368648184434278,0.1426662467274582,7.19581823024041e-3,7.02891533456954e-3,8.76612293378101e-3
par/160000,0.3278684472649669,0.31996769888792187,0.33266072313456485,8.902660285548428e-3,6.034369400844428e-3,1.0119944413297464e-2
par/320000,0.805315812487,0.7965927444165573,0.8179314401349984,1.4108523196044763e-2,9.165882962755497e-3,1.661373322498871e-2
par/640000,1.973656469209042,1.9612618186026034,1.9814770518375249,2.771434892910763e-2,9.14813595591113e-3,3.713462142391474e-2
