Name,Mean,MeanLB,MeanUB,Stddev,StddevLB,StddevUB
seq/10000,5.980721995242694e-3,5.978676253606222e-3,5.98184186602162e-3,8.175629412222561e-6,4.338743537451742e-6,8.840117074398006e-6
seq/20000,1.6138206961736738e-2,1.6138206961736738e-2,1.6138206961736738e-2,1.2303130733818928e-4,1.2303130733818928e-4,1.2303130733818928e-4
seq/40000,4.056162325711831e-2,4.056162325711831e-2,4.056162325711831e-2,5.551283353902718e-4,5.551283353902718e-4,5.551283353902718e-4
seq/80000,0.10123415982309232,0.10083468468538265,0.10145911646565847,9.248416969803185e-4,8.318952366060421e-4,9.485715272487139e-4
seq/160000,0.23197650635847822,0.2306861115115074,0.23255634878296405,1.5893562006739572e-3,1.0817831322613015e-4,2.1371098082782025e-3
seq/320000,0.5379040500847623,0.5352772144251503,0.5396487155230716,2.868770346630186e-3,2.868770346630186e-3,2.868770346630186e-3
seq/640000,1.2238059874507599,1.223079924529884,1.2250188418547623,3.4371480099602086e-3,1.4521258417516947e-3,4.049140260570068e-3
