Name,Mean,MeanLB,MeanUB,Stddev,StddevLB,StddevUB
seq/10000,6.061256224479435e-3,6.056398485999018e-3,6.064770197314081e-3,2.754100032004525e-5,2.3058703974722945e-5,3.349207062477148e-5
seq/20000,1.6552542886691935e-2,1.6511620085254076e-2,1.661892737658651e-2,1.9429416009221758e-4,1.7311054096799173e-4,2.9250520923692524e-4
seq/40000,4.243288670675833e-2,4.234116565581266e-2,4.308481857002774e-2,1.3590330500552496e-3,1.3039252483760652e-3,1.4812024799141952e-3
seq/80000,0.1025946376661481,0.10190938164523558,0.10305796893197727,1.0171827829943874e-3,6.326784563618608e-4,1.0861114291775495e-3
seq/160000,0.23377552127543214,0.23340561446837252,0.23407784460707462,6.800469801256265e-4,2.12623888214898e-4,8.243441003510354e-4
seq/320000,0.5425236868904904,0.5382322681252845,0.5452103670686483,4.37236319207033e-3,5.109658231958747e-4,5.6146095852061045e-3
seq/640000,1.2462979934352916,1.2358066830784082,1.250063508254243,9.085993679304958e-3,3.2047874992713332e-3,1.050082869705279e-2
