Name,Mean,MeanLB,MeanUB,Stddev,StddevLB,StddevUB
seq/10000,5.974769409435275e-3,5.973750857604214e-3,5.97550519207393e-3,4.077303466666924e-6,3.2077601592207775e-6,4.794403956649317e-6
seq/20000,1.6104277433481327e-2,1.6008690605026864e-2,1.613360288938137e-2,1.2847756131573917e-4,4.7207864991489985e-5,2.2258804325931664e-4
seq/40000,4.048973832150068e-2,4.011327461845822e-2,4.062905504504652e-2,5.280922181333217e-4,7.259897072417552e-5,9.460522587927981e-4
seq/80000,9.976378619176873e-2,9.936103610433983e-2,0.10005665415843762,1.0204502067376784e-3,2.4206231762662056e-4,1.3406269619194873e-3
seq/160000,0.23156137005167288,0.23011595811436159,0.23237087797477016,1.8185353321195899e-3,2.7367325862263686e-4,2.433189156972996e-3
seq/320000,0.5407800672207183,0.5370512188140613,0.5445089156273752,8.084221125318354e-3,1.5588748163303584e-3,9.549922017494326e-3
seq/640000,1.254295479118203,1.2433934290893376,1.2648924250000466,2.9543705696136152e-2,2.4525047243489775e-2,2.9543705696136152e-2
