Name,Mean,MeanLB,MeanUB,Stddev,StddevLB,StddevUB
seq/10000,6.015399953547888e-3,6.0130806603063865e-3,6.01636566671164e-3,8.528038395292964e-6,7.020710666029674e-6,9.728209523538831e-6
seq/20000,1.6025195414790593e-2,1.6000614542001523e-2,1.6072855390942598e-2,1.6000515722251448e-4,2.0505761346157323e-5,2.0942222437386624e-4
seq/40000,4.024980506347961e-2,3.991020737786965e-2,4.0473983597511615e-2,6.918497486011922e-4,6.881097276440885e-4,1.0529908340934544e-3
seq/80000,0.10001480260281208,9.963086111102716e-2,0.10047975456971607,1.335019030810832e-3,2.454059307170028e-4,1.7888836519449772e-3
seq/160000,0.2311884586388866,0.2295662226776282,0.23222772743708142,2.0769911768620778e-3,1.5868477792463408e-4,2.8436643474619586e-3
seq/320000,0.5384268292109482,0.5384268292109482,0.5384268292109482,8.289325060823027e-3,7.240992388688027e-3,9.848253277416468e-3
seq/640000,1.2460687256728609,1.2170521572697908,1.275085294075931,3.355783846770046e-2,3.355783846770046e-2,3.355783846770046e-2
