Name,Mean,MeanLB,MeanUB,Stddev,StddevLB,StddevUB
par/1024,1.4811058932442194e-3,1.4700841823958597e-3,1.497918865745231e-3,8.845923425753557e-5,6.966710496524599e-5,1.182644658236354e-4
par/2048,2.780378760627834e-3,2.764469260661415e-3,2.805960844811412e-3,1.4966841938076063e-4,1.337944438191635e-4,1.7862135050428736e-4
par/4096,5.163622838144432e-3,5.11378767221671e-3,5.198380169234658e-3,2.3729999269083018e-4,1.8210115375834972e-4,2.7643923783154007e-4
par/8192,1.0832193731061191e-2,1.0794412263378536e-2,1.0855149987640554e-2,2.919350523740521e-4,2.3037514041700436e-4,3.519320345878246e-4
par/16384,2.6145627178629956e-2,2.6040108898642212e-2,2.6321161362533957e-2,6.526398827469382e-4,5.595439779382764e-4,8.639188587368027e-4
par/32768,5.171706800952161e-2,5.141108070068557e-2,5.1949817137811306e-2,9.761215200069139e-4,6.851563344422428e-4,1.1724249648195333e-3
par/65536,0.10902538958110385,0.10831536712665588,0.10960045147304417,2.196215794713201e-3,1.311114494004887e-3,2.765749121553891e-3
par/131072,0.254855841469572,0.25425742829618153,0.25599269388666734,2.5373333646657803e-3,1.8803774990193327e-3,3.003877762655342e-3
