Name,Mean,MeanLB,MeanUB,Stddev,StddevLB,StddevUB
par/1024,2.2420702792463e-3,2.2134216906967404e-3,2.256223424294319e-3,9.647828993856246e-5,7.908125963573917e-5,1.1938702543183506e-4
par/2048,3.7531839887756445e-3,3.7215812224524855e-3,3.7884935168598726e-3,1.2908807407965248e-4,8.971295729601536e-5,1.6124745019858191e-4
par/4096,6.749610162885068e-3,6.687891373337541e-3,6.811191398995444e-3,2.6580574962423896e-4,1.7495302314419204e-4,3.452460593108457e-4
par/8192,1.3757369203122904e-2,1.3709941142571697e-2,1.384114350721697e-2,2.9315612410109494e-4,2.1395743464870044e-4,3.98611127403877e-4
par/16384,3.265237813562918e-2,3.249662104623297e-2,3.285187318039923e-2,6.411634816219754e-4,5.187591108652514e-4,9.400380092988669e-4
par/32768,6.74576316426262e-2,6.70914692971712e-2,6.77438158808237e-2,8.673386486767806e-4,7.009880147490667e-4,1.0109617136321962e-3
par/65536,0.14962762625276937,0.14920356323417444,0.15006669184043198,1.6457009625264626e-3,1.222874205839763e-3,2.065394133500271e-3
par/131072,0.34637176458770286,0.34453277738664023,0.34819189494516745,4.119541281865899e-3,3.1136889407227327e-3,4.810786212074367e-3
