Name,Mean,MeanLB,MeanUB,Stddev,StddevLB,StddevUB
par/1024,1.3033107129900524e-3,1.2875799943748776e-3,1.3140137149181257e-3,9.727726075094985e-5,7.99881184316552e-5,1.5315776873228688e-4
par/2048,2.394290823947587e-3,2.362545933065176e-3,2.4116819450021214e-3,1.3579474208880215e-4,1.1074224254252134e-4,1.72078363913211e-4
par/4096,4.60646227290802e-3,4.5689182980806695e-3,4.659700733152141e-3,2.5433182526316656e-4,2.1888154250003462e-4,3.1386570947405484e-4
par/8192,9.630311561551681e-3,9.51992999140967e-3,9.777522473067813e-3,4.6087810327003056e-4,3.451188886059932e-4,6.294732602185061e-4
par/16384,2.3375496682871325e-2,2.3133504136777023e-2,2.3644492956208366e-2,8.063915014848588e-4,6.000883694537364e-4,1.0484510312919458e-3
par/32768,4.5280685075566665e-2,4.50836463762761e-2,4.557742518967455e-2,1.2683535378043417e-3,8.887550048609363e-4,1.3991030689698076e-3
par/65536,9.483940860681588e-2,9.426608755845386e-2,9.52688035687176e-2,1.6841200074300252e-3,1.0740666042413506e-3,1.833356625046757e-3
par/131072,0.21881237524181785,0.2179698490749389,0.21960103921127458,3.240155240888908e-3,2.4320371011167215e-3,4.044642943058168e-3
