Name,Mean,MeanLB,MeanUB,Stddev,StddevLB,StddevUB
par/1024,2.6777038871115496e-3,2.654364751776828e-3,2.7016279506033554e-3,1.22330589340272e-4,8.744245640612472e-5,1.522366070155557e-4
par/2048,3.035511847645119e-3,2.9843906957950864e-3,3.0783803405920584e-3,2.8942515484786283e-4,2.4264846771594192e-4,3.447680666180095e-4
par/4096,4.9418964468285215e-3,4.882526155559833e-3,4.997173966934982e-3,2.808357553259068e-4,2.0476098923444578e-4,4.50697363104712e-4
par/8192,1.0210472867490147e-2,1.0127910067916178e-2,1.0288468140542158e-2,5.554817325815864e-4,5.154955260262104e-4,5.926010934484988e-4
par/16384,2.5885333499135486e-2,2.574458534770287e-2,2.603034735073803e-2,9.148885237941643e-4,4.792686775405559e-4,1.2768969572638659e-3
par/32768,4.9335886479624176e-2,4.894255814534873e-2,4.980190717153202e-2,1.7939450848206172e-3,8.368381841051836e-4,2.421947914549193e-3
par/65536,0.103223961909313,0.10203267191591574,0.1043644645867152,2.2819247896091414e-3,1.2034602614854712e-3,2.660762423926998e-3
par/131072,0.2517763165824929,0.25047818155143936,0.25277649456325424,3.836045606234522e-3,2.0914293711137904e-3,4.705763492150844e-3
