Name,Mean,MeanLB,MeanUB,Stddev,StddevLB,StddevUB
par/1024,2.8353544095279194e-3,2.8265694475003125e-3,2.8518668174016566e-3,7.65184533171572e-5,4.892199014663455e-5,9.849277857870314e-5
par/2048,3.4091558279809903e-3,3.3726188996793683e-3,3.4422097669965577e-3,2.4287471254795192e-4,1.8499931067947944e-4,2.997268153315964e-4
par/4096,5.130300118040664e-3,5.048633079690927e-3,5.2495111714839175e-3,3.658624322244965e-4,2.8023335051019374e-4,4.939292226828907e-4
par/8192,1.059167273067014e-2,1.0514505850963609e-2,1.0703034936433448e-2,4.552873683916353e-4,3.1651408750768117e-4,5.536833292086846e-4
par/16384,2.705389189842984e-2,2.695621823702116e-2,2.732686010532427e-2,9.495629860817921e-4,6.64072499863285e-4,1.2777323260592405e-3
par/32768,5.139611715759226e-2,5.0967866821533245e-2,5.1722585592738186e-2,1.9027807367079815e-3,1.5394754636692905e-3,2.531912842435363e-3
par/65536,0.10965942397711469,0.10883886329089816,0.11024297203326518,2.6135205556847636e-3,1.6591532192125954e-3,3.500817111804527e-3
par/131072,0.27402981841611335,0.27211206231208435,0.27585741718193735,4.5361574753301735e-3,2.7617661272180388e-3,6.865680627130927e-3
