Name,Mean,MeanLB,MeanUB,Stddev,StddevLB,StddevUB
par/1024,1.7556436657785947e-3,1.7104327379797752e-3,1.7807419789266285e-3,1.9547027490671086e-4,1.737827273650152e-4,2.1497950707310577e-4
par/2048,2.349573592925413e-3,2.3154064230782472e-3,2.374791179447595e-3,1.935339872747429e-4,1.500215613037516e-4,2.2185579250448076e-4
par/4096,4.613503266567924e-3,4.575181576177036e-3,4.702406640442076e-3,3.2556206740473213e-4,2.5521912613982737e-4,4.220035590003219e-4
par/8192,9.368500964741974e-3,9.267023007110409e-3,9.502520079992152e-3,5.612206770973193e-4,4.6302673759473167e-4,6.666004626511216e-4
par/16384,2.2664378824806687e-2,2.227500040068435e-2,2.294663178786363e-2,1.2155411061840916e-3,1.1160241843757293e-3,1.3248039894967804e-3
par/32768,4.336023728664257e-2,4.302568084556079e-2,4.393073239578918e-2,1.9215144251512235e-3,1.4656775142402757e-3,2.223259822381265e-3
par/65536,9.221238951157522e-2,9.136343242854661e-2,9.341453753620782e-2,3.2889956121561594e-3,2.652012481698692e-3,3.8740104555552404e-3
par/131072,0.21168101524476218,0.21000734059371545,0.2143118577288762,4.834877789908413e-3,2.8024867102721973e-3,6.579062346462141e-3
