Name,Mean,MeanLB,MeanUB,Stddev,StddevLB,StddevUB
par/1024,2.2789137496022566e-3,2.253299089703322e-3,2.3046833954461277e-3,1.7974196194109137e-4,1.451772077251924e-4,2.2015699962130885e-4
par/2048,2.699057083379951e-3,2.652795748161922e-3,2.720387489065562e-3,2.5152135192711304e-4,2.2163687453478646e-4,2.7706863622256866e-4
par/4096,4.792760404649991e-3,4.745982097485328e-3,4.837865044000407e-3,2.7048013367717737e-4,1.588165042301619e-4,3.435010271173189e-4
par/8192,1.0043017275962178e-2,9.952990620142231e-3,1.0148283572894747e-2,3.929042936527064e-4,2.992548452099628e-4,4.5805478869057693e-4
par/16384,2.5009073060260546e-2,2.482337762119079e-2,2.5211543188311657e-2,9.660230866772125e-4,6.130713579025813e-4,1.2995125549354462e-3
par/32768,4.78057845869811e-2,4.726183650369247e-2,4.832841328757778e-2,1.679113458898671e-3,7.626333079053169e-4,2.5163857095642822e-3
par/65536,9.896102431051046e-2,9.821757169763241e-2,9.999832272221282e-2,2.3792985265442927e-3,1.7605068189577575e-3,3.123738801900673e-3
par/131072,0.23905191203553966,0.2373914128943825,0.24059369455616533,3.6725803290060493e-3,2.6189966236621533e-3,4.572540563906687e-3
