Name,Mean,MeanLB,MeanUB,Stddev,StddevLB,StddevUB
par/1024,2.9915292493362254e-3,2.9708437227044054e-3,3.007236171634522e-3,9.865865902759678e-5,7.023985919856678e-5,1.1674128978379024e-4
par/2048,3.719481701415304e-3,3.638670902545155e-3,3.831396612601387e-3,4.19653047016564e-4,1.920541303747284e-4,6.445003938547329e-4
par/4096,5.518755137052976e-3,5.421676480428036e-3,5.596607129365463e-3,4.93797566485516e-4,4.1751131173394917e-4,5.65978633846555e-4
par/8192,1.1127326210174858e-2,1.0962942642713793e-2,1.1329634324273391e-2,7.503031692420641e-4,5.972727469252666e-4,9.066626563293279e-4
par/16384,2.9439859930546413e-2,2.905399963566895e-2,3.0123245127876737e-2,1.6079632351188432e-3,1.149971104037279e-3,2.105093115526245e-3
par/32768,5.6791853501213664e-2,5.616900824390198e-2,5.780060108327214e-2,4.364081068849686e-3,1.810255416312018e-3,6.497921842839897e-3
par/65536,0.1215863574931578,0.11964348986012621,0.12460330799137496,6.446814867152348e-3,4.388314927201972e-3,8.428137220297347e-3
par/131072,0.303302038017956,0.2941992644754173,0.31303214090803744,2.7277842316403157e-2,6.471538390290021e-3,4.444318958360236e-2
