Name,Mean,MeanLB,MeanUB,Stddev,StddevLB,StddevUB
par/1024,5.845227136923056e-4,5.800196927688557e-4,5.872472263295213e-4,2.0583959705067355e-5,1.2674776984145366e-5,2.9347438080786316e-5
par/2048,1.444419374856397e-3,1.430353147727783e-3,1.459754148391972e-3,1.1787684427997188e-4,8.74929555499741e-5,1.4511577094291898e-4
par/4096,4.074121917684592e-3,3.99706216653439e-3,4.124474396922138e-3,3.0232531870217754e-4,2.6982936405662227e-4,3.373806488344193e-4
par/8192,8.518067901194372e-3,8.400939239623388e-3,8.761256187924211e-3,6.898005939265137e-4,5.26088592989807e-4,9.208326792506613e-4
par/16384,1.8756349328346942e-2,1.8601845735336645e-2,1.8971599625003825e-2,1.020061431152349e-3,8.79422713092706e-4,1.2848515699845694e-3
par/32768,4.5101183187821615e-2,4.47322333556105e-2,4.550051176775085e-2,1.9009197411551694e-3,1.7085842771417097e-3,2.1561417234138226e-3
par/65536,0.1399170901630011,0.1379938159081279,0.14104481401329996,4.604846800719482e-3,3.488857222168745e-3,5.832221984849063e-3
par/131072,0.38420977581687643,0.3825325006046329,0.38583508811459816,4.968088211936327e-3,4.014512234079638e-3,6.006265252212786e-3
