Name,Mean,MeanLB,MeanUB,Stddev,StddevLB,StddevUB
par/1024,5.8259686775477e-4,5.789168814434551e-4,5.858209277861681e-4,1.64604501038755e-5,1.1402688769056543e-5,2.095058111675651e-5
par/2048,1.3682311488836254e-3,1.3476253544299813e-3,1.4000936975102295e-3,1.2749422856390445e-4,8.011576710654402e-5,1.6743450556601662e-4
par/4096,4.231880118481428e-3,4.187033280097233e-3,4.265979936397823e-3,2.423275737216137e-4,1.7744259448911265e-4,2.67754070667793e-4
par/8192,8.984082344899388e-3,8.901956010737937e-3,9.106439063296076e-3,4.297255857647248e-4,2.913904238535957e-4,5.35877741856593e-4
par/16384,1.9917329781477058e-2,1.9710012238948433e-2,2.0021265545243798e-2,7.695872198800533e-4,6.107679517053464e-4,9.563500702218799e-4
par/32768,5.052592151182815e-2,5.001092429076992e-2,5.117054667774625e-2,1.7272190166276204e-3,1.141784864019279e-3,1.9988990208507835e-3
par/65536,0.1551561280617223,0.1535494538359171,0.15600613025258034,4.132468951188131e-3,2.410713914450126e-3,6.162169838681067e-3
par/131072,0.41569945541035663,0.4122685017239789,0.41739587092292024,5.76967837086903e-3,3.2283204122681595e-3,8.028762002177135e-3
