Name,Mean,MeanLB,MeanUB,Stddev,StddevLB,StddevUB
par/1024,7.979922757418172e-4,7.80927474592773e-4,8.080402837456921e-4,5.501992788401767e-5,4.8366907611729395e-5,6.218428782901049e-5
par/2048,1.9385593579301335e-3,1.9242540684766048e-3,1.971716738182054e-3,1.0149469270361288e-4,7.32649852794078e-5,1.579445905356168e-4
par/4096,4.894697730248964e-3,4.8858622678282495e-3,4.948812383973154e-3,1.9288127720477655e-4,1.6565623215473405e-4,2.3356694273807087e-4
par/8192,1.0033365231514628e-2,9.989101956639164e-3,1.0088664583277195e-2,3.029325681760287e-4,2.5153158129664747e-4,3.428962311276994e-4
par/16384,2.218468224989172e-2,2.2143056555536562e-2,2.2295496302953445e-2,5.311134891576113e-4,3.9115475873369144e-4,5.811810355218786e-4
par/32768,5.3877083085104825e-2,5.370598651350273e-2,5.402258497863914e-2,6.03866561518609e-4,4.5987242850153943e-4,8.139755362167564e-4
par/65536,0.15971325312188742,0.1590682589387418,0.16035895839971795,2.2310552296699445e-3,1.4379952861419561e-3,3.2572091104983544e-3
par/131072,0.42827694144112805,0.42479637392928,0.4308294000019071,6.142942119818073e-3,4.456929395662811e-3,7.332687614549442e-3
