Name,Mean,MeanLB,MeanUB,Stddev,StddevLB,StddevUB
par/1024,6.112051463458134e-4,6.040826119561467e-4,6.28509231931471e-4,5.431492031321718e-5,3.277649319893683e-5,9.336003702474072e-5
par/2048,1.6120604392356249e-3,1.5963013770686786e-3,1.6238800658146867e-3,1.0541126337848854e-4,9.104432830331501e-5,1.2795462512857678e-4
par/4096,4.244897481155721e-3,4.194221690549829e-3,4.295546239049671e-3,2.370881443000224e-4,1.5273944516164435e-4,3.272687840610872e-4
par/8192,8.769622433370095e-3,8.729038724477983e-3,8.85109924603246e-3,2.5183014821806866e-4,2.260270457906961e-4,2.868937258618146e-4
par/16384,1.9601247978052093e-2,1.9455051518116315e-2,1.9643513005183886e-2,7.728914603264015e-4,4.896459982068374e-4,9.906640713235465e-4
par/32768,4.748277019207256e-2,4.7163882032614374e-2,4.7684167846131595e-2,1.554910274487292e-3,1.4121266584167225e-3,1.9517120493853953e-3
par/65536,0.1398449651735439,0.1380506345305424,0.14077646709579045,3.104051680803512e-3,2.3303739201820757e-3,3.8006487164249166e-3
par/131072,0.3834078654597544,0.38218601936783614,0.38505656649159936,4.265784726256557e-3,2.503807467267423e-3,5.559354340852765e-3
