Name,Mean,MeanLB,MeanUB,Stddev,StddevLB,StddevUB
par/1024,1.2439902440875815e-3,1.2338296047822543e-3,1.2599717219183343e-3,6.42286956967744e-5,5.245680663977774e-5,7.697100111444593e-5
par/2048,2.6036836771712794e-3,2.584247662767163e-3,2.620085363768541e-3,1.081968406427316e-4,6.781438334190422e-5,1.4259209765821656e-4
par/4096,6.3238678206328025e-3,6.265191373304636e-3,6.3728583343584e-3,1.8002636112055456e-4,1.5265605929786882e-4,2.090721273214556e-4
par/8192,1.2810045213319946e-2,1.2749555449711666e-2,1.2907610448346598e-2,3.928253816719976e-4,3.098666263849628e-4,4.6790578228886597e-4
par/16384,2.9540363318620037e-2,2.9385860653434365e-2,2.965938961503056e-2,4.4483962177132045e-4,3.646159485334578e-4,5.979942835120648e-4
par/32768,6.997256528234294e-2,6.960474157045918e-2,7.047990528596626e-2,1.3523210015511926e-3,9.154293933633047e-4,1.656706613705839e-3
par/65536,0.21418673208199127,0.21291673079506543,0.21508701106688652,2.542120768300811e-3,2.08309616965573e-3,2.9127217128783345e-3
par/131072,0.6216241609479256,0.6177284353013727,0.6251829694923493,8.153404396681918e-3,4.7968189832874935e-3,1.1652122969836384e-2
