Name,Mean,MeanLB,MeanUB,Stddev,StddevLB,StddevUB
par/1024,7.219312538409222e-4,7.159624158873133e-4,7.294359999150655e-4,4.244164227870523e-5,3.143903660281995e-5,5.351983211488425e-5
par/2048,1.2995402166346745e-3,1.2674701745012799e-3,1.3551544218085344e-3,2.4363304435947778e-4,1.2478910974123207e-4,3.7243819415813114e-4
par/4096,4.673818369888407e-3,4.5968327653203725e-3,4.794299750961306e-3,8.158463343725217e-4,3.6340582041797045e-4,1.086958449278589e-3
par/8192,1.0143504468784753e-2,1.0028556226316081e-2,1.0449938303689892e-2,8.682350857890834e-4,5.439764076757721e-4,1.2437339644608442e-3
par/16384,2.3540791879003983e-2,2.2983232385923688e-2,2.482548500343406e-2,3.6827588943093514e-3,1.6998200698186455e-3,6.583373037170507e-3
par/32768,6.582457336197457e-2,6.417033544308581e-2,6.666278636870415e-2,3.391570438001513e-3,2.4272537140653423e-3,4.373265901029443e-3
par/65536,0.20004348860963111,0.1975578945054285,0.2014790815116296,6.3180793903924665e-3,2.313649966511045e-3,9.456637211010034e-3
par/131072,0.5055188041888943,0.49447315439520334,0.5216384077387984,2.972960951416861e-2,1.4427087500592708e-2,4.476333164472707e-2
