Name,Mean,MeanLB,MeanUB,Stddev,StddevLB,StddevUB
par/1024,6.284354684663986e-4,6.24526003563968e-4,6.334372367928084e-4,2.1790782099630596e-5,1.7621504988059886e-5,2.5013465361820245e-5
par/2048,1.2464544348913334e-3,1.2168002366637369e-3,1.2743061946269053e-3,1.485070397854564e-4,1.0757220966664962e-4,1.9367436307393386e-4
par/4096,4.166969090676446e-3,4.109324100237673e-3,4.235215465855961e-3,2.4861539175271647e-4,1.7209237361837232e-4,3.396437422158057e-4
par/8192,9.23281815210003e-3,9.151102413857809e-3,9.329613698377065e-3,4.4360036562732117e-4,2.525692468064695e-4,6.160982587038484e-4
par/16384,2.117636158487314e-2,2.1054821953489667e-2,2.1265280903053616e-2,5.127362896163882e-4,3.9848243606310026e-4,6.600469116681809e-4
par/32768,5.8956356842503124e-2,5.8442185713594455e-2,5.943037861637953e-2,2.1181387333481e-3,1.3425620549968752e-3,2.973446817739381e-3
par/65536,0.18101175403262026,0.17987038299820202,0.18254527695270814,2.8565716303299757e-3,2.0804784142838583e-3,3.4234079674730416e-3
par/131072,0.4619441432860789,0.4591593533454251,0.4658177578926125,7.032093045682806e-3,4.237349321084536e-3,9.343484027131024e-3
