Name,Mean,MeanLB,MeanUB,Stddev,StddevLB,StddevUB
par/1024,5.748332748834085e-4,5.709900226791935e-4,5.764696983202649e-4,1.794506020798884e-5,1.6397631511823228e-5,1.958284822911091e-5
par/2048,1.2583537265312213e-3,1.2456916962259972e-3,1.2699736972439876e-3,1.0449864145809926e-4,6.961690938434752e-5,1.35640755584722e-4
par/4096,4.147318890020465e-3,4.116878467751121e-3,4.209115564244646e-3,2.1564144047771263e-4,1.734640470520295e-4,2.5385058027632375e-4
par/8192,8.985819008775858e-3,8.949405554956153e-3,9.008193858363973e-3,3.076328524591779e-4,2.537761205661735e-4,3.4504959082282057e-4
par/16384,2.0454055178173475e-2,2.0079062403393595e-2,2.0598956285797717e-2,8.398659927445406e-4,4.5692197231966304e-4,1.2603766673339176e-3
par/32768,5.4069715225557397e-2,5.3341365477734805e-2,5.462662404248879e-2,1.71789169538761e-3,8.195587709858158e-4,2.319717261418415e-3
par/65536,0.1655093611239342,0.1634729219237407,0.16654613009692168,3.6907295966657773e-3,2.2068067611997195e-3,5.254408285136299e-3
par/131072,0.43571237497905657,0.4332712243551492,0.4379987812246363,4.864168752421775e-3,3.676346148754207e-3,5.7510422560583495e-3
