Name,Mean,MeanLB,MeanUB,Stddev,StddevLB,StddevUB
par/10000,4.988014001821166e-3,4.817630802168639e-3,5.211020502700056e-3,9.538144385498142e-4,9.188845057008302e-4,1.4294389485055366e-3
par/20000,9.590899373198628e-3,9.467370934810138e-3,1.001952646488701e-2,1.2627574188961838e-3,9.1278052555633e-4,1.611092320500408e-3
par/40000,1.9134575107192124e-2,1.8635674046369153e-2,1.9460622456527892e-2,1.4294077175607657e-3,1.0790578668093873e-3,2.074058262539211e-3
par/80000,4.2954291804407005e-2,4.208902634619901e-2,4.332549448211314e-2,3.5138435188031294e-3,2.1305363637071934e-3,4.964533457321709e-3
par/160000,0.10461047871159045,9.845678196461112e-2,0.10798858068538485,7.911613283749171e-3,5.1297441914245e-3,1.0606982518751392e-2
par/320000,0.23398802211482284,0.23261720537751293,0.23558286281250831,4.611324435130994e-3,3.3765578731791202e-3,4.6207478762891685e-3
par/640000,0.6464992778201122,0.6318038957251702,0.6607731450349092,2.595958704867765e-2,7.578832395661487e-3,2.789789623710264e-2
