Name,Mean,MeanLB,MeanUB,Stddev,StddevLB,StddevUB
par/10000,5.236540681960591e-3,5.151635964572384e-3,5.593703436772056e-3,8.575645689499022e-4,7.491157185323543e-4,9.969894236138764e-4
par/20000,1.0576945399443205e-2,1.0512547841874732e-2,1.088456706313541e-2,1.5565009669592468e-3,1.1321771936078863e-3,2.109684133452036e-3
par/40000,2.220713069193251e-2,2.155613678340039e-2,2.3821753897333493e-2,1.981863779824717e-3,1.3146315788123818e-3,2.9050530002005066e-3
par/80000,4.888674653052077e-2,4.695578082323526e-2,5.0463061483036e-2,3.8134969291027227e-3,3.0917014479026022e-3,4.108481191978139e-3
par/160000,0.11913044484203315,0.11612003052335543,0.12381751031110375,1.8015738542751732e-2,1.7916466325570066e-2,2.0689792919471057e-2
par/320000,0.24690652884542943,0.24540188749320807,0.24784059402532876,3.5541777008075213e-3,2.1694941769245628e-4,4.289931448486228e-3
par/640000,0.6580037616561943,0.6528196253736194,0.6666573161492124,2.8115606685321013e-2,9.638397812522233e-3,3.410296629512189e-2
