Name,Mean,MeanLB,MeanUB,Stddev,StddevLB,StddevUB
par/10000,5.112844254805004e-3,4.969655088603982e-3,5.2652768170628065e-3,7.679819872861176e-4,5.117910182277495e-4,8.613329636698538e-4
par/20000,1.0392786628461468e-2,1.0316465945757977e-2,1.0715996560833808e-2,9.664531075207915e-4,6.753806979046852e-4,1.1750742805232987e-3
par/40000,2.1575906409294764e-2,2.125966487587479e-2,2.18098214633888e-2,1.6894799684843494e-3,5.556360937188874e-4,2.1423365675413706e-3
par/80000,4.729475209746519e-2,4.678874275707291e-2,4.859359292743763e-2,3.5326202301688334e-3,2.2974920448747935e-3,4.09741658449103e-3
par/160000,0.11492127609290903,0.1053446472356362,0.11585227840557873,1.0224530964845416e-2,8.578981321397292e-3,1.074719394693247e-2
par/320000,0.2510336261723811,0.25042280965484676,0.2541040293034166,6.294715237123452e-3,4.433366987630391e-3,7.43921772292504e-3
par/640000,0.6338056533034736,0.629921805569514,0.6465293434157502,1.7898508646054443e-2,1.7898508646054443e-2,1.7898508646054443e-2
