Name,Mean,MeanLB,MeanUB,Stddev,StddevLB,StddevUB
par/10000,7.6102101854763436e-3,7.399200118137618e-3,7.857708310144953e-3,9.157480759654521e-4,5.204386113872992e-4,1.1480242803140331e-3
par/20000,1.4832704531988379e-2,1.4589720382943693e-2,1.523876358078109e-2,9.574457928821216e-4,6.930605878030513e-4,1.1295405999372501e-3
par/40000,3.342964956300229e-2,3.2648822528243686e-2,3.460087127822344e-2,2.393462173936753e-3,1.7314936175251512e-3,2.894593607088591e-3
par/80000,8.560993541085664e-2,8.355974619263887e-2,8.93309886529783e-2,6.229472043752529e-3,4.436587129898512e-3,7.890170093423899e-3
par/160000,0.19619600428915066,0.19044792126967677,0.2045554915158492,1.4964021619658098e-2,1.0700636292735708e-2,1.8357863842877926e-2
par/320000,0.45840472241980024,0.4469548962370027,0.4698545486025978,2.228694773608938e-2,9.633612915719604e-4,2.2736687478158896e-2
par/640000,1.182996759346376,1.169224197549435,1.1894463471059378,1.326776518077785e-2,1.6164327195534733e-3,1.5077195671860317e-2
