Name,Mean,MeanLB,MeanUB,Stddev,StddevLB,StddevUB
par/10000,6.30493943620946e-3,6.303280827707541e-3,6.315239972889577e-3,5.6137467025523426e-5,5.165082817640766e-5,6.062089606591948e-5
par/20000,1.3475806006391257e-2,1.3454880113850168e-2,1.3490513761408718e-2,1.7135978135470728e-4,1.2205430122598019e-4,1.784009853838499e-4
par/40000,2.9100786253089445e-2,2.896101781600138e-2,2.9235933223230183e-2,4.3389943848786983e-4,4.1625466200501246e-4,6.989303462927775e-4
par/80000,6.1060848806023776e-2,6.087237658209862e-2,6.1262117409777384e-2,9.503289201351244e-4,4.7388659639680826e-4,1.147212609906543e-3
par/160000,0.12770174631988906,0.1273936930820734,0.12809017256735214,1.6189893847053393e-3,1.3171495956163033e-3,1.7885341449512537e-3
par/320000,0.273571692906941,0.27169911107048395,0.27485168710350993,1.8668423074262503e-3,1.0571986015446787e-3,2.0652029396450743e-3
par/640000,0.5729388061348194,0.5662339561774086,0.5758070785959717,9.412546308948583e-3,6.3531627934176075e-3,1.0740294294475402e-2
