Name,Mean,MeanLB,MeanUB,Stddev,StddevLB,StddevUB
par/10000,5.369533778739994e-3,5.297205415237732e-3,5.660089123757097e-3,1.1098130045621173e-3,8.560101865040522e-4,1.5138001962336583e-3
par/20000,1.1393366430749301e-2,1.081823207127071e-2,1.1815171058252933e-2,2.0141290544177137e-3,1.7728206524116683e-3,2.950486945487139e-3
par/40000,2.481447565511272e-2,2.4368378486177896e-2,2.554270919888453e-2,2.717309696546821e-3,1.9304266947062286e-3,3.111557345871535e-3
par/80000,5.5225771746043595e-2,5.456940032256646e-2,5.7600026570970235e-2,5.477993313048799e-3,2.5750916279579377e-3,7.672981919352442e-3
par/160000,0.12940545390648323,0.1214795619113526,0.13505670622994548,1.2819606326281822e-2,8.58064285777129e-3,1.4637112741214008e-2
par/320000,0.29941371052525934,0.29351146758534014,0.30829801367595794,1.3179604976870844e-2,6.650199175656964e-4,1.5972329667860965e-2
par/640000,0.7907135955659518,0.7724383391905576,0.8036879886349197,2.3012704961535062e-2,9.337527833639173e-3,2.6224123837891966e-2
