Name,Mean,MeanLB,MeanUB,Stddev,StddevLB,StddevUB
par/10000,5.219863829373029e-3,4.9509786614018066e-3,5.670704225672952e-3,1.1683358964427642e-3,7.485917967294708e-4,1.6574650404473006e-3
par/20000,1.1084462910933205e-2,1.0720874994352687e-2,1.1319343674614766e-2,2.040414340154982e-3,1.566445689330465e-3,2.3080635850379373e-3
par/40000,2.366822138108023e-2,2.288270341808314e-2,2.4338710030146603e-2,2.1929929930662746e-3,1.4025067786883956e-3,2.6731705325162168e-3
par/80000,5.297273452742872e-2,5.040648353901626e-2,5.446780505270835e-2,4.695058061688124e-3,3.7908593175937414e-3,5.727328750116633e-3
par/160000,0.11841099479483784,0.11185763149281099,0.12716911692682298,1.1938202329122826e-2,1.063182927405428e-2,1.3019700434023063e-2
par/320000,0.27404512459412217,0.26603400366380814,0.2805944783985615,1.8761296055401933e-2,6.523962177584414e-3,2.238225257792517e-2
par/640000,0.7288736175299467,0.6998224893662458,0.739143332563496,2.766512069187536e-2,1.4374731275669293e-2,2.986241554320177e-2
