Name,Mean,MeanLB,MeanUB,Stddev,StddevLB,StddevUB
seq/10000,8.959237175907925e-3,8.64119743454272e-3,9.152096467621922e-3,1.0434624578776963e-3,8.655625164467153e-4,1.172924322480446e-3
seq/20000,2.2751742842198396e-2,2.2400622543480152e-2,2.3286612294996477e-2,1.7808038073318009e-3,1.135518844455349e-3,1.991660009503252e-3
seq/40000,5.386383292802085e-2,5.333193396275197e-2,5.454897528761464e-2,2.4213618043609202e-3,2.178823604960836e-3,2.9065753833503105e-3
seq/80000,0.13303147799174656,0.13046127313005162,0.13591538605119458,7.746503613183123e-3,1.4303890398436074e-3,1.1886185609830428e-2
seq/160000,0.3047898214310408,0.2842968828044832,0.31361562199890614,1.561978271602807e-2,1.469938036502686e-2,1.968441495943655e-2
seq/320000,0.7597400830321325,0.7337742994423024,0.7727831456965457,2.6573231996770533e-2,1.3878572608936527e-2,3.100620338614731e-2
seq/640000,1.823993896667768,1.8143170583740964,1.8286058827167533,1.6389858670126618e-2,5.848387613750672e-3,1.8299413037137433e-2
