Name,Mean,MeanLB,MeanUB,Stddev,StddevLB,StddevUB
par/10000,5.798720642929197e-3,5.726689164932735e-3,6.012135820561734e-3,7.044480119586148e-4,5.593431418765376e-4,9.247233790965629e-4
par/20000,1.2048705472317935e-2,1.1925401019140379e-2,1.2213231291346638e-2,9.311424097903218e-4,7.703524319834619e-4,1.0620051344151012e-3
par/40000,2.3278608658667047e-2,2.2887351547559536e-2,2.3937556126040444e-2,1.402286960335885e-3,8.223609014529568e-4,1.6133101305740112e-3
par/80000,5.194410298802183e-2,5.0742769568949145e-2,5.3367463236539035e-2,3.3458644672708076e-3,1.981510285512167e-3,4.214021975588776e-3
par/160000,0.12306001326471146,0.11911965541657991,0.12318082447274632,1.3047734832128326e-2,1.0751249113450314e-2,1.394996352696445e-2
par/320000,0.3111747724950934,0.30958123443803437,0.31227557722168664,3.6464517438506766e-3,3.2700017494760717e-3,4.043676095197251e-3
par/640000,0.7399822295992635,0.7330407305853441,0.7483957926742733,1.5048148231111912e-2,9.35992941289846e-3,1.6030705297063512e-2
