Name,Mean,MeanLB,MeanUB,Stddev,StddevLB,StddevUB
par/10000,5.138821843582215e-3,4.724156601329303e-3,5.3825084435301165e-3,1.1289763986765092e-3,8.948032070445662e-4,1.2528440393668031e-3
par/20000,1.0429771361685174e-2,1.0230992415160262e-2,1.0856348765619498e-2,1.5444912705873896e-3,1.293872134939422e-3,1.7862500491529316e-3
par/40000,2.3337253023251337e-2,2.2675581465567946e-2,2.39600736185417e-2,2.261953318872627e-3,1.868668563050548e-3,2.72191766597178e-3
par/80000,4.9894241160483827e-2,4.8580483777490246e-2,5.062207430622948e-2,5.3193022479013675e-3,2.2981742527260797e-3,5.48721433205815e-3
par/160000,0.11703310794442327,0.11677093006583164,0.11882967325315501,1.101897049437652e-2,8.954459348352178e-3,1.1184811147880083e-2
par/320000,0.26597062109659114,0.25696190599973,0.2736780828796327,1.082813505746507e-2,1.0373601722650887e-2,1.0892627508031447e-2
par/640000,0.6862533751991577,0.6740682143718004,0.689639674325008,2.5456627557454377e-2,2.402279240656481e-2,2.5456627557454377e-2
