Name,Mean,MeanLB,MeanUB,Stddev,StddevLB,StddevUB
par/1024,4.2718025820549533e-4,4.202988793656389e-4,4.378568838101452e-4,3.4020803035502186e-5,3.1044050173832655e-5,4.0005802963862685e-5
par/2048,1.450806278084624e-3,1.4157569854957022e-3,1.4859750021122499e-3,1.717406850014875e-4,1.3424681660896182e-4,1.9796814542359214e-4
par/4096,6.2199154440929e-3,6.07964299474221e-3,6.35024258166511e-3,5.547474616718612e-4,4.653804260041905e-4,6.007074766223046e-4
par/8192,1.9616094507419846e-2,1.9360623765284198e-2,2.0072885046571967e-2,1.33879388733771e-3,9.693619049901676e-4,1.7349888326817844e-3
par/16384,4.894522067609238e-2,4.8381419840341465e-2,4.936215955777053e-2,2.5996986847889704e-3,1.640986319309779e-3,3.2632846743327107e-3
par/32768,0.11721713893110226,0.11597766635841406,0.11860643269367718,3.555120762433878e-3,3.142282054665519e-3,3.870136692117174e-3
par/65536,0.2567485938585807,0.2551543583064068,0.25919156866291726,5.093848467731828e-3,3.986309951733163e-3,6.173960470111529e-3
par/131072,0.5274055467068411,0.5250341121011634,0.531159050537101,7.029822747637649e-3,3.155744655293058e-3,9.935773347190383e-3
