Name,Mean,MeanLB,MeanUB,Stddev,StddevLB,StddevUB
par/1024,6.681653907252227e-4,6.635593518431418e-4,6.797150591862789e-4,4.224248781947295e-5,3.3917515277194205e-5,5.407497427309008e-5
par/2048,1.7829720670621313e-3,1.7634324528335917e-3,1.804568867262975e-3,1.0681608871993972e-4,8.782187797476976e-5,1.1835460800123086e-4
par/4096,6.961759437324055e-3,6.905250387357131e-3,6.999654339974336e-3,2.9439148468496455e-4,2.630688894125358e-4,3.505082645917753e-4
par/8192,2.0866473845870818e-2,2.072894926388796e-2,2.096828403203213e-2,6.000285600376002e-4,3.51627878757159e-4,7.746045490820997e-4
par/16384,5.054415833030117e-2,5.010703974866217e-2,5.1068515378083906e-2,2.1277885578697355e-3,1.3255911282682247e-3,2.8218597578895206e-3
par/32768,0.1239045103185472,0.12337651638286432,0.12452087044653935,2.8178098135689415e-3,2.480152636722616e-3,3.114240443755728e-3
par/65536,0.29701395159574373,0.29641072123696327,0.2980102962298106,4.039257523476975e-3,3.4314307040688163e-3,4.921774936285718e-3
par/131072,0.6831261795438314,0.6790864330395624,0.6849742665326773,8.445554666636365e-3,2.788755047424067e-3,1.106386647664623e-2
