Name,Mean,MeanLB,MeanUB,Stddev,StddevLB,StddevUB
par/1024,6.005784257612234e-4,5.925765007082173e-4,6.130836207944282e-4,4.3710308309852874e-5,3.850523524649875e-5,4.941463096635584e-5
par/2048,1.7405479060644993e-3,1.7266193718003624e-3,1.7485692215154702e-3,8.719940122312108e-5,7.578615394015147e-5,1.0011494451122787e-4
par/4096,6.284856816817184e-3,6.2438522205111435e-3,6.377244383616462e-3,3.292061593504637e-4,2.70656891876134e-4,4.073455550171472e-4
par/8192,2.0077834828161324e-2,2.0037427462708594e-2,2.0168669268006187e-2,4.394592445176258e-4,3.6595054859006826e-4,5.451838570834327e-4
par/16384,4.8326929758065455e-2,4.8086207776769474e-2,4.857944368576718e-2,1.1643077368581965e-3,8.164402843856431e-4,1.352388945011265e-3
par/32768,0.11380087802469918,0.1127979194516426,0.11453513653355064,2.243409072604037e-3,1.8490744108985366e-3,2.7007553037591827e-3
par/65536,0.2548466090788968,0.25359824377546036,0.2559695648481544,3.6967223950816505e-3,2.422613969591175e-3,4.742076747031186e-3
par/131072,0.5661853756412085,0.5649459550129474,0.5699507433708575,6.099426106085044e-3,3.5595958695636165e-3,7.489583328197193e-3
