Name,Mean,MeanLB,MeanUB,Stddev,StddevLB,StddevUB
par/1024,4.1333340832385487e-4,4.065227255932586e-4,4.1826033855566364e-4,4.31903206381197e-5,3.3018502387151785e-5,5.0326359232847224e-5
par/2048,1.3755351622580416e-3,1.3547113345884995e-3,1.4070928644098356e-3,1.5563641823146735e-4,1.4761613578460556e-4,1.8066207323815737e-4
par/4096,5.469852704587308e-3,5.3672122675447005e-3,5.605915690071654e-3,6.887430389202739e-4,5.997334434093871e-4,8.584638961548348e-4
par/8192,1.8351941767541263e-2,1.820230406851351e-2,1.850914181611051e-2,1.0478541840887835e-3,8.588699911683727e-4,1.2402210069668465e-3
par/16384,4.607737675134639e-2,4.5444958438664085e-2,4.636674313676817e-2,2.4793930417380183e-3,1.813266079835842e-3,3.2871413143497966e-3
par/32768,0.10574926649751973,0.10506859983002582,0.10756727673361202,3.5046938264550135e-3,2.4269878419631366e-3,4.1716569687818405e-3
par/65536,0.22745675341300614,0.22637203697690686,0.2291112918127494,3.7227386545608454e-3,2.4165710184065174e-3,4.562581114321481e-3
par/131072,0.4882514474922632,0.48565048722811793,0.4913501703697741,8.44735014111143e-3,3.3697571947281253e-3,1.2590292215211605e-2
