Name,Mean,MeanLB,MeanUB,Stddev,StddevLB,StddevUB
par/1024,4.27443451591879e-4,4.235999537172464e-4,4.315213763244668e-4,2.9557178087587505e-5,2.83753789720499e-5,3.1460578001650686e-5
par/2048,1.5161655245317844e-3,1.4977299929552238e-3,1.544494869638985e-3,1.7002735437932062e-4,1.4068120448698372e-4,2.1187445193534887e-4
par/4096,6.445144005270606e-3,6.346027579382681e-3,6.536315436993761e-3,5.158656514056321e-4,4.7312498775933597e-4,6.441790430220338e-4
par/8192,2.0140741612363598e-2,1.980950798730565e-2,2.0596231244684363e-2,1.3859773801762983e-3,9.769695630215617e-4,2.0465743732100473e-3
par/16384,5.086552735096883e-2,4.979618184153479e-2,5.159368503750423e-2,2.775868518375853e-3,1.9451907427658333e-3,3.426049556429913e-3
par/32768,0.1203088682101049,0.11887060252976392,0.12177593165053263,4.250434824582235e-3,3.135196956768278e-3,5.4279761812287206e-3
par/65536,0.2686462005601793,0.26657096627477744,0.2711641053970942,7.471929932177413e-3,4.362151591715013e-3,9.580372711430937e-3
par/131072,0.5399971118341486,0.536247664372317,0.5447243296826519,9.025676731999142e-3,6.509165093402904e-3,1.1931937729508289e-2
