Name,Mean,MeanLB,MeanUB,Stddev,StddevLB,StddevUB
par/1024,4.5721267574849197e-4,4.506628229910133e-4,4.632270750029318e-4,3.915744001809609e-5,2.9905461747838786e-5,5.2848258510153855e-5
par/2048,1.6705779939920843e-3,1.6174595488361023e-3,1.7096412767596142e-3,2.4668327171759307e-4,2.0599644796214935e-4,2.9062325010145295e-4
par/4096,7.474132144883167e-3,7.267975064347157e-3,7.692037232378034e-3,8.842247050624596e-4,4.6704269445385735e-4,1.3110153433037763e-3
par/8192,2.2843589987202362e-2,2.2570772846889606e-2,2.3264081352589706e-2,1.3345862600766568e-3,1.0982762759089264e-3,1.735812542517064e-3
par/16384,5.658179522525423e-2,5.573620042709737e-2,5.7164638137350676e-2,2.594102366241423e-3,1.953530695689843e-3,3.1047945248684557e-3
par/32768,0.13167422281564353,0.13033393611297614,0.13292762021505145,4.186556250625209e-3,2.2536173270916236e-3,6.034564778971995e-3
par/65536,0.29181868533106536,0.28990248701666743,0.2980027170976175,8.701190297696124e-3,4.778834933650246e-3,1.3281198885983475e-2
par/131072,0.5879481375074943,0.5849590618817945,0.5945418459805969,1.1963749183442049e-2,3.4975159911034143e-3,1.9762217929394067e-2
