Name,Mean,MeanLB,MeanUB,Stddev,StddevLB,StddevUB
par/1024,1.0694274291844523e-3,1.0614546445534639e-3,1.0858647870207391e-3,5.4938605517381185e-5,4.153977547021868e-5,7.117888077671758e-5
par/2048,2.5804415422939248e-3,2.565910641865577e-3,2.596313502072499e-3,9.813952712457683e-5,7.43608335178386e-5,1.2925610350466102e-4
par/4096,9.281737111353498e-3,9.222143202930412e-3,9.347214534322294e-3,2.756713509441789e-4,1.8931555934693518e-4,3.4825618517622274e-4
par/8192,2.825088001673244e-2,2.8128610823546445e-2,2.8397009850647418e-2,5.43625391029423e-4,3.3734572252537565e-4,6.538856650616984e-4
par/16384,6.548407980172101e-2,6.50982967987411e-2,6.576231649225997e-2,1.341686034460703e-3,4.8632912184975465e-4,2.0679766574006144e-3
par/32768,0.15929482434064893,0.15842037437056172,0.16048469912332458,2.6777690966294566e-3,2.1075628626152265e-3,3.0845873769615945e-3
par/65536,0.41272499087568665,0.40923895282993134,0.41630443262393335,6.753614394304323e-3,5.166450377888473e-3,9.356401705063872e-3
par/131072,1.0132070507283546,1.0096557067953593,1.0166318956642255,5.99544427304834e-3,3.523336789776263e-3,8.014349299172876e-3
