Name,Mean,MeanLB,MeanUB,Stddev,StddevLB,StddevUB
par/1024,4.214483179591481e-4,4.131272312138979e-4,4.298224313898416e-4,3.298544977024912e-5,2.85207264677062e-5,3.54097449177544e-5
par/2048,1.3364884952095629e-3,1.3108791111663633e-3,1.3610316498524604e-3,1.4506238557403874e-4,1.207017267378894e-4,1.6708758610203069e-4
par/4096,5.594546243665025e-3,5.487865397557654e-3,5.659609776088244e-3,3.954563672613015e-4,3.1318527100054774e-4,4.508166232240033e-4
par/8192,1.8752022811662536e-2,1.851637498645704e-2,1.9175761960985072e-2,1.2972576649367376e-3,8.514495940301696e-4,1.9174209680191834e-3
par/16384,4.674175915935767e-2,4.6367955672098955e-2,4.7516627134971075e-2,2.176910997889509e-3,1.7810275929796887e-3,2.6797042463028997e-3
par/32768,0.1096733285483061,0.1087323404689817,0.11057263259690812,2.3657049784905422e-3,1.7179694451345702e-3,2.7343969317495487e-3
par/65536,0.24499368542219274,0.24378414328811432,0.2462586110617415,2.8786965455165027e-3,2.366925792839554e-3,3.792750803817693e-3
par/131072,0.5154878564248124,0.5122949887263767,0.5203054025004991,1.1088697662431628e-2,3.845915241788426e-3,1.7234835822781805e-2
