Name,Mean,MeanLB,MeanUB,Stddev,StddevLB,StddevUB
par/1024,8.306639660826521e-4,8.150575656691343e-4,8.455557436977936e-4,6.708815253689447e-5,4.60640267809095e-5,8.810268580432962e-5
par/2048,3.2974479296877714e-3,3.26806253048292e-3,3.3298249015876005e-3,1.4260678898922702e-4,1.2766768520473427e-4,1.5618615572569048e-4
par/4096,9.970957698623635e-3,9.91820756617511e-3,1.0035882741633997e-2,4.885485402617325e-4,4.212596080126901e-4,6.592275286508363e-4
par/8192,2.301292586711489e-2,2.2837215366929245e-2,2.325176525659819e-2,6.729808986046827e-4,5.222925505456796e-4,7.764664843164312e-4
par/16384,5.3923431477769276e-2,5.370706107245112e-2,5.428316536904965e-2,1.30053584169532e-3,1.1373931362449834e-3,1.5937614044310672e-3
par/32768,0.1231209925086423,0.121631483523496,0.12394750019723126,2.4157023334654935e-3,1.5095318647758737e-3,3.164237858665973e-3
par/65536,0.28480204063232917,0.28363516444140313,0.2863352448570318,3.7338486597665857e-3,3.0355054301860343e-3,4.108821373879295e-3
par/131072,0.6363394171297538,0.6335311499134657,0.6393511515833225,7.385976136514932e-3,3.780190504880295e-3,9.581893056953351e-3
