Name,Mean,MeanLB,MeanUB,Stddev,StddevLB,StddevUB
par/1024,7.691971859260143e-4,7.571088533188707e-4,7.76180967369013e-4,5.725356653220466e-5,4.619718486182312e-5,6.814759589185318e-5
par/2048,3.0832863889263405e-3,3.0443283382524137e-3,3.1097485172270883e-3,2.394421424691159e-4,1.4577956493808984e-4,2.9372316400859763e-4
par/4096,9.55906219366502e-3,9.505235968153605e-3,9.592998600027642e-3,2.5137660544512284e-4,2.1449603758635056e-4,2.65833127296196e-4
par/8192,2.2342020437491162e-2,2.223638255573213e-2,2.2406603341566182e-2,4.981160539763365e-4,4.101851621015189e-4,5.549063655604087e-4
par/16384,5.339768592600258e-2,5.251765867810011e-2,5.36482064013146e-2,1.9146625061043831e-3,7.935148566728394e-4,3.4161107553174774e-3
par/32768,0.12457817526198303,0.12355652807782044,0.1250751103315,1.9063461301136013e-3,1.1806019459178136e-3,2.68840426760042e-3
par/65536,0.29141692033593947,0.29053712934962694,0.2926593905892407,3.2785425395277707e-3,1.7784814068370072e-3,4.137143097274293e-3
par/131072,0.6480412640116922,0.646997827462915,0.6508466965048982,3.463283746698193e-3,1.375698546008778e-3,4.641994776691582e-3
