Name,Mean,MeanLB,MeanUB,Stddev,StddevLB,StddevUB
par/1024,8.471124259795288e-4,8.37119962733527e-4,8.602655727884608e-4,6.167179438872204e-5,5.131707978936689e-5,7.823590136041645e-5
par/2048,3.4512665868292186e-3,3.3982049019943674e-3,3.481031321743341e-3,2.269155093866326e-4,2.0053144160405505e-4,2.6204750616358626e-4
par/4096,1.0463647767909139e-2,1.036432958929923e-2,1.0569692518329194e-2,5.485033839697911e-4,4.5630010854060227e-4,6.406233970374013e-4
par/8192,2.4684260120613595e-2,2.4270329458771438e-2,2.5031087803588193e-2,1.606836830637419e-3,1.1345668270469444e-3,2.1595919205028616e-3
par/16384,5.6679404659500665e-2,5.6414776977010556e-2,5.718887769998088e-2,1.8358496081129477e-3,1.4878262196539819e-3,2.1102302201075553e-3
par/32768,0.12891827800639538,0.12836531743730534,0.13008369590062377,3.4245491348802505e-3,2.5371522651117646e-3,3.766337116107758e-3
par/65536,0.296500415716015,0.29485454412098694,0.29878183431073096,4.0914357080245765e-3,3.117319824390506e-3,5.319935268520891e-3
par/131072,0.639118891841074,0.6325262371544298,0.6428447307538071,9.785969494737676e-3,7.845182895759847e-3,1.3285523850661217e-2
