Name,Mean,MeanLB,MeanUB,Stddev,StddevLB,StddevUB
par/1024,7.052988221098844e-4,7.000022408867857e-4,7.162148381778104e-4,4.375359942793236e-5,3.9461333415404715e-5,5.023630953917319e-5
par/2048,2.8478115125333673e-3,2.8174801340612415e-3,2.867548363293888e-3,1.1937542142144374e-4,9.173893445092646e-5,1.8001394011297212e-4
par/4096,9.220873829637911e-3,9.183230503301457e-3,9.266528873508725e-3,2.5422632829465803e-4,2.089159137627825e-4,3.0273371189230044e-4
par/8192,2.2334930812740225e-2,2.221366531430131e-2,2.2424296340548797e-2,4.97269188665315e-4,4.2936776225239537e-4,5.730717368093239e-4
par/16384,5.401055196356672e-2,5.360534888756159e-2,5.427421317247513e-2,1.3511904198863097e-3,7.850945539487998e-4,1.7444189480562053e-3
par/32768,0.12996413001275672,0.12908961651968498,0.13068447361074365,2.3774714460845373e-3,1.4726747118397078e-3,3.457411698923234e-3
par/65536,0.31044587883218133,0.30935261470422487,0.31114525068175747,3.2788442036381002e-3,2.4411808295412593e-3,3.968628369094602e-3
par/131072,0.698539959630266,0.6974687800159359,0.700006128526803,3.091034238590253e-3,2.2254066137837535e-3,3.8602944507550602e-3
