Name,Mean,MeanLB,MeanUB,Stddev,StddevLB,StddevUB
par/1024,9.983554016523065e-4,9.692405937248288e-4,1.0405564923131735e-3,1.5678413634361216e-4,1.0631733711414378e-4,2.2794984034908315e-4
par/2048,4.4304070147451885e-3,4.365953595016183e-3,4.5303843409153395e-3,4.379167483819671e-4,2.9023259336064287e-4,6.249145519714124e-4
par/4096,1.3796959142598705e-2,1.3590431004708189e-2,1.430498361454669e-2,1.6495975464740314e-3,6.949255261048591e-4,2.5738123643499608e-3
par/8192,3.117153964266573e-2,3.0888814086373412e-2,3.159513823495869e-2,1.2109369771131223e-3,8.78309476122176e-4,1.5022864850191724e-3
par/16384,6.79698918953048e-2,6.72975057067233e-2,6.90540214469674e-2,2.6849034212571153e-3,1.790000100791345e-3,3.6095714142108494e-3
par/32768,0.15406352361591788,0.1523549319063063,0.15556676408648343,4.43889142899039e-3,3.2896787659817766e-3,5.919611209508314e-3
par/65536,0.35243661255067293,0.34929604921529517,0.3581245539844211,8.619450494588763e-3,4.563716628393127e-3,1.441041164364947e-2
par/131072,0.7515077816154373,0.7378872295247049,0.764862024918688,3.563247088149684e-2,1.4111883007858542e-2,4.799456357696124e-2
