Name,Mean,MeanLB,MeanUB,Stddev,StddevLB,StddevUB
par/1024,9.202118144934055e-4,8.981184333464295e-4,9.439629005272792e-4,1.2637367066170387e-4,5.465213388083299e-5,1.9093211786860154e-4
par/2048,3.774617127567045e-3,3.727305832973391e-3,3.8211820428394566e-3,2.50029602221891e-4,2.2303008355734194e-4,2.7920737061521095e-4
par/4096,1.1376122540272605e-2,1.124046779307655e-2,1.1458239596965186e-2,8.073371837643368e-4,6.677654033938501e-4,9.865609368315965e-4
par/8192,2.5905837842177797e-2,2.568988742644637e-2,2.6319547019392087e-2,1.4557446034632107e-3,1.2668491005976047e-3,1.6141199613448893e-3
par/16384,5.8877762376698124e-2,5.819332614828073e-2,5.949607190301123e-2,2.4106317806008547e-3,1.4467617735088561e-3,3.5685723720271767e-3
par/32768,0.1350214244361921,0.13374108648554858,0.13657677834668458,4.604050136211089e-3,3.6422181875612595e-3,5.106795175532385e-3
par/65536,0.3082247392199641,0.3050533318888256,0.3129556229652926,1.006583732174546e-2,7.066989587546282e-3,1.3052173085809363e-2
par/131072,0.6581225036776561,0.6521458477430188,0.6636786235750618,1.1266162797707079e-2,7.506060071964862e-3,1.4307678964760448e-2
