Name,Mean,MeanLB,MeanUB,Stddev,StddevLB,StddevUB
par/1024,1.1670325960171713e-3,1.1573194638815785e-3,1.1764890027025807e-3,5.3651612850723435e-5,4.3211265215354436e-5,6.379963203586415e-5
par/2048,4.136871151709901e-3,4.115183950127939e-3,4.159263312947399e-3,1.0627996558758583e-4,6.888159655429138e-5,1.2326376566169458e-4
par/4096,1.295670429966612e-2,1.2889575514902657e-2,1.3007320586853052e-2,3.2397987914624567e-4,2.308148549720584e-4,4.5987212483938346e-4
par/8192,3.0891543650133763e-2,3.0767310357758468e-2,3.102587860691754e-2,4.204100052940446e-4,2.799621072759144e-4,5.769110213077444e-4
par/16384,7.520300923878023e-2,7.47209864201176e-2,7.575254387570302e-2,1.5594287945693934e-3,8.757899032121692e-4,2.3484294667381186e-3
par/32768,0.19042154135746514,0.18966424726564288,0.19113009083325058,2.2576660755931634e-3,1.8153222813908027e-3,2.8378778599396624e-3
par/65536,0.4745281148326229,0.47313365369208715,0.47551556855145477,2.153407270762399e-3,1.5161145503536783e-3,2.578760053126128e-3
par/131072,1.1161987502374902,1.105455648324443,1.122312767867603,1.0020949189774787e-2,5.04525970567353e-3,1.246328055887022e-2
